Inisial,Kelas,Rombel,Sekolah,Jurusan,Visual,Auditori,Kinestetik,Visual_prop,Auditori_prop,Kinestetik_prop,KMeans_Cluster,KMeans_Gaya_Belajar,FCM_Membership_Cluster_0,FCM_Membership_Cluster_1,FCM_Membership_Cluster_2,FCM_Cluster,FCM_Gaya_Belajar,FCM_Derajat_Keanggotaan
DRL,12F.,8,SMA N 1 Padang,Teknik,65,60,63,0.34574468085106386,0.3191489361702128,0.3351063829787234,0,Auditori,0.5417021051151274,0.18242616101520404,0.2758717338696686,0,Auditori,0.5417021051151274
daffa,12F.,8,SMA N 1 Padang,teknik,80,78,84,0.3305785123966942,0.32231404958677684,0.34710743801652894,2,Kinestetik,0.3057284875851256,0.05584725659152406,0.6384242558233503,2,Kinestetik,0.6384242558233503
ANI,12F.,8,SMA N 1 Padang,Teknik,71,88,64,0.3183856502242152,0.39461883408071746,0.28699551569506726,0,Auditori,0.4871711135297874,0.31565243500586543,0.1971764514643471,0,Auditori,0.4871711135297874
EAS,12F.,8,SMA N 1 Padang,IPA TEKNIK,70,55,60,0.3783783783783784,0.2972972972972973,0.32432432432432434,1,Visual,0.22873650506467133,0.5865643099813078,0.1846991849540209,1,Visual,0.5865643099813078
ADAR,11F.,8,SMA N 1 Padang,TEKNIK,80,72,71,0.35874439461883406,0.32286995515695066,0.3183856502242152,0,Auditori,0.29265708856394396,0.615624877116983,0.09171803431907298,1,Visual,0.615624877116983
fathar abdul jafar,12F.,8,SMA N 1 Padang,teknik,67,76,73,0.3101851851851852,0.35185185185185186,0.33796296296296297,0,Auditori,0.6617439160153563,0.09214218503230928,0.24611389895233438,0,Auditori,0.6617439160153563
ZWR,12F.,8,SMA N 1 Padang,IPA TEKNIK ,70,71,61,0.3465346534653465,0.35148514851485146,0.30198019801980197,0,Auditori,0.5058358489342462,0.40571585090275425,0.08844830016299955,0,Auditori,0.5058358489342462
MKR,12F.,8,SMA N 1 Padang,Teknik,71,64,61,0.3622448979591837,0.32653061224489793,0.3112244897959184,0,Auditori,0.12374618359881204,0.8390825116993179,0.03717130470187002,1,Visual,0.8390825116993179
AHJ,12F.,8,SMA N 1 Padang,Saintek teknik,87,87,94,0.3246268656716418,0.3246268656716418,0.35074626865671643,2,Kinestetik,0.20465275611898212,0.03712256259304587,0.758224681287972,2,Kinestetik,0.758224681287972
Muhamad Lingga Ardhana,12F.,8,SMA N 1 Padang,Teknik,62,60,70,0.3229166666666667,0.3125,0.3645833333333333,2,Kinestetik,0.005073501749322256,0.001710564524235879,0.9932159337264419,2,Kinestetik,0.9932159337264419
NBY,12F.,8,SMA N 1 Padang,Teknik,66,60,73,0.3316582914572864,0.3015075376884422,0.36683417085427134,2,Kinestetik,0.07794753734424692,0.03571624516621282,0.8863362174895404,2,Kinestetik,0.8863362174895404
IGD,12F.,8,SMA N 1 Padang,Teknik ,67,63,83,0.3145539906103286,0.29577464788732394,0.38967136150234744,2,Kinestetik,0.15048529942193273,0.07665187388341237,0.7728628266946548,2,Kinestetik,0.7728628266946548
M Attaya Argana >MAA,12F.,8,SMA N 1 Padang,teknik,63,58,60,0.34806629834254144,0.32044198895027626,0.3314917127071823,0,Auditori,0.5615471422257509,0.22336132499621028,0.21509153277803889,0,Auditori,0.5615471422257509
Bunga Selly Septina ,11F.,6,SMA N 1 Padang,IPC,87,91,85,0.33079847908745247,0.34600760456273766,0.3231939163498099,0,Auditori,0.9513369300070468,0.024634450362823277,0.024028619630129776,0,Auditori,0.9513369300070468
TAW,11F.,6,SMA N 1 Padang,SAINTEK EKO,82,60,66,0.3942307692307692,0.28846153846153844,0.3173076923076923,1,Visual,0.21593840063938843,0.6038049657240416,0.18025663363656994,1,Visual,0.6038049657240416
NNA,11F.,6,SMA N 1 Padang,Saintek Eko,86,63,79,0.37719298245614036,0.27631578947368424,0.34649122807017546,2,Kinestetik,0.2698029556482638,0.3613100627354575,0.36888698161627864,2,Kinestetik,0.36888698161627864
FRA,11F.,6,SMA N 1 Padang,saintek eko,85,66,58,0.40669856459330145,0.3157894736842105,0.27751196172248804,1,Visual,0.16773445269304055,0.731715689412245,0.10054985789471454,1,Visual,0.731715689412245
KKSN,11F.,6,SMA N 1 Padang,saintek ekonomi tanpa fisika,76,73,88,0.3206751054852321,0.3080168776371308,0.37130801687763715,2,Kinestetik,0.041906710039449284,0.01641723592402568,0.941676054036525,2,Kinestetik,0.941676054036525
FF,11F.,6,SMA N 1 Padang,saintek eko,89,68,73,0.3869565217391304,0.2956521739130435,0.3173913043478261,1,Visual,0.19962082077105153,0.6470229325650089,0.15335624666393957,1,Visual,0.6470229325650089
ASA,11F.,6,SMA N 1 Padang,SAINTEK EKO,83,90,78,0.33067729083665337,0.35856573705179284,0.3107569721115538,0,Auditori,0.7273632229187418,0.17140221064468858,0.1012345664365697,0,Auditori,0.7273632229187418
GPA,11F.,6,SMA N 1 Padang,IPC (ilmu pengetahuan campura),54,61,58,0.31213872832369943,0.35260115606936415,0.3352601156069364,0,Auditori,0.7022271061655029,0.08944600134382132,0.2083268924906758,0,Auditori,0.7022271061655029
AR,11F.,6,SMA N 1 Padang,SAINTEK (ekonomi),93,92,95,0.33214285714285713,0.32857142857142857,0.3392857142857143,0,Auditori,0.7017713555841152,0.06199863844027972,0.23623000597560512,0,Auditori,0.7017713555841152
Permadi/messi,11F.,6,SMA N 1 Padang,Ips,80,80,78,0.33613445378151263,0.33613445378151263,0.3277310924369748,0,Auditori,0.9789788381616112,0.009880876733667002,0.011140285104721885,0,Auditori,0.9789788381616112
SFA,11F.,6,SMA N 1 Padang,IPC,75,88,82,0.30612244897959184,0.35918367346938773,0.3346938775510204,0,Auditori,0.6366161403852747,0.11666308522256044,0.2467207743921648,0,Auditori,0.6366161403852747
Adif Malverino- Adif,11F.,6,SMA N 1 Padang,IPC,82,75,91,0.33064516129032256,0.3024193548387097,0.36693548387096775,2,Kinestetik,0.0691057718709946,0.03084470151752784,0.9000495266114774,2,Kinestetik,0.9000495266114774
keyzia zilvhana putri haria,11F.,6,SMA N 1 Padang,IPC (saintek eko),72,71,67,0.34285714285714286,0.3380952380952381,0.319047619047619,0,Auditori,0.8406182427239439,0.1098552892583697,0.04952646801768628,0,Auditori,0.8406182427239439
FA,11F.,6,SMA N 1 Padang,Saintek eko,80,66,63,0.3827751196172249,0.3157894736842105,0.3014354066985646,1,Visual,0.06463613790056422,0.9022361943497248,0.033127667749711036,1,Visual,0.9022361943497248
UU ,11F.,6,SMA N 1 Padang,IPAS (saintek ekonomi tanpa fisika),83,71,74,0.36403508771929827,0.31140350877192985,0.32456140350877194,0,Auditori,0.2776353491786579,0.5639747263598744,0.1583899244614676,1,Visual,0.5639747263598744
TR,11F.,6,SMA N 1 Padang,saintek,63,74,80,0.2903225806451613,0.34101382488479265,0.3686635944700461,2,Kinestetik,0.3073191645584405,0.09634531077145768,0.5963355246701019,2,Kinestetik,0.5963355246701019
QA,11F.,6,SMA N 1 Padang,IPC,78,74,73,0.3466666666666667,0.3288888888888889,0.3244444444444444,0,Auditori,0.7132652329561238,0.18650035117544772,0.10023441586842852,0,Auditori,0.7132652329561238
M Arif Arsyad-MAR,11F.,6,SMA N 1 Padang,Saintek ekonomi,76,83,76,0.32340425531914896,0.35319148936170214,0.32340425531914896,0,Auditori,0.8435104288681129,0.07229093991459157,0.08419863121729554,0,Auditori,0.8435104288681129
Dwi Aira Viansya -> DAV,11F.,12,SMA N 1 Padang,IPC EKONOMI ,58,63,48,0.3431952662721893,0.3727810650887574,0.28402366863905326,0,Auditori,0.4365579778812917,0.4271461237302573,0.13629589838845102,0,Auditori,0.4365579778812917
FAREN ALYA ZAHIRA ->FAZ,11F.,6,SMA N 1 Padang,IPA CAMPURAN,77,66,68,0.36492890995260663,0.3127962085308057,0.3222748815165877,0,Auditori,0.24948410595266457,0.6188357419139208,0.1316801521334147,1,Visual,0.6188357419139208
KIS,11F.,12,SMA N 1 Padang,IPC ekonomi ,77,73,63,0.3615023474178404,0.3427230046948357,0.29577464788732394,1,Visual,0.15928449539036355,0.7973573347863778,0.0433581698232587,1,Visual,0.7973573347863778
KSM,11F.,6,SMA N 1 Padang,IPC [IPA - EKONOMI],82,74,71,0.36123348017621143,0.32599118942731276,0.31277533039647576,0,Auditori,0.16203351422047735,0.7899918288543722,0.047974656925150516,1,Visual,0.7899918288543722
JMP,11F.,6,SMA N 1 Padang,Saintek eko,83,68,70,0.3755656108597285,0.3076923076923077,0.3167420814479638,1,Visual,0.1641904698507551,0.7363871280072356,0.09942240214200931,1,Visual,0.7363871280072356
YIN,11F.,6,SMA N 1 Padang,IPA,32,39,38,0.29357798165137616,0.3577981651376147,0.3486238532110092,0,Auditori,0.4853862211603973,0.12381225721885235,0.39080152162075027,0,Auditori,0.4853862211603973
GY,11F.,6,SMA N 1 Padang,IPAS,70,56,71,0.3553299492385787,0.28426395939086296,0.3604060913705584,2,Kinestetik,0.23777972766811034,0.19573509270065018,0.5664851796312395,2,Kinestetik,0.5664851796312395
NNA,11F.,6,SMA N 1 Padang,IPC [ IPA - EKONOMI ] ,90,91,85,0.3383458646616541,0.34210526315789475,0.31954887218045114,0,Auditori,0.9174717165605419,0.051808801512239364,0.030719481927218708,0,Auditori,0.9174717165605419
EAAH,11F.,6,SMA N 1 Padang,IPC (Saintek Ekonomi),91,98,100,0.314878892733564,0.3391003460207612,0.3460207612456747,0,Auditori,0.5349158754462298,0.06857902182150355,0.39650510273226675,0,Auditori,0.5349158754462298
MMS,11F.,6,SMA N 1 Padang,IPC,72,96,96,0.2727272727272727,0.36363636363636365,0.36363636363636365,2,Kinestetik,0.40151681937359945,0.1491107944088047,0.44937238621759584,2,Kinestetik,0.44937238621759584
NAH,11F.,6,SMA N 1 Padang,saintek eko,75,64,59,0.3787878787878788,0.32323232323232326,0.29797979797979796,1,Visual,0.02455684041870901,0.964585516746238,0.010857642835052882,1,Visual,0.964585516746238
AFA,11F.,11,SMA N 1 Padang,IPC,76,93,90,0.29343629343629346,0.3590733590733591,0.3474903474903475,0,Auditori,0.49357656307947084,0.1266342114745214,0.3797892254460077,0,Auditori,0.49357656307947084
DA,11F.,6,SMA N 1 Padang,IPC,82,83,80,0.3346938775510204,0.33877551020408164,0.32653061224489793,0,Auditori,0.9966451509688029,0.0016142328775593112,0.0017406161536377813,0,Auditori,0.9966451509688029
NH,11F.,6,SMA N 1 Padang,IPAS,87,64,99,0.348,0.256,0.396,2,Kinestetik,0.24363632007173705,0.19812708907103047,0.5582365908572324,2,Kinestetik,0.5582365908572324
MFZ,11F.,6,SMA N 1 Padang,IPC Ekonomi ,65,67,69,0.32338308457711445,0.3333333333333333,0.34328358208955223,0,Auditori,0.6052520919812342,0.05731214701881892,0.3374357609999468,0,Auditori,0.6052520919812342
Rjd,12F.,8,SMA N 1 Padang,Ipa teknik,69,63,61,0.35751295336787564,0.32642487046632124,0.3160621761658031,0,Auditori,0.2952073960827416,0.6279260291125258,0.0768665748047325,1,Visual,0.6279260291125258
MRA,10E.,5,SMA N 1 Padang,Umum,61,59,65,0.32972972972972975,0.31891891891891894,0.35135135135135137,2,Kinestetik,0.14053712648076527,0.0329310079676762,0.8265318655515584,2,Kinestetik,0.8265318655515584
RAR,10E.,5,SMA N 1 Padang,umum,72,64,75,0.3412322274881517,0.3033175355450237,0.35545023696682465,2,Kinestetik,0.16938817110402438,0.08264710061201944,0.7479647282839561,2,Kinestetik,0.7479647282839561
KAN,10E.,5,SMA N 1 Padang,umum,58,62,82,0.2871287128712871,0.3069306930693069,0.40594059405940597,2,Kinestetik,0.23014841015501525,0.11645904705389681,0.6533925427910879,2,Kinestetik,0.6533925427910879
NPZ,10E.,5,SMA N 1 Padang,umum,62,56,50,0.36904761904761907,0.3333333333333333,0.2976190476190476,1,Visual,0.023117600648151077,0.969140878683262,0.007741520668586794,1,Visual,0.969140878683262
RAF,10E.,5,SMA N 1 Padang,umum ,63,69,63,0.3230769230769231,0.35384615384615387,0.3230769230769231,0,Auditori,0.8343202332320051,0.07697573281838173,0.08870403394961317,0,Auditori,0.8343202332320051
VNI,10E.,5,SMA N 1 Padang,umum,82,70,84,0.3474576271186441,0.2966101694915254,0.3559322033898305,2,Kinestetik,0.2140950101028925,0.13547105043460309,0.6504339394625044,2,Kinestetik,0.6504339394625044
AM,10E.,5,SMA N 1 Padang,umum,60,62,54,0.3409090909090909,0.3522727272727273,0.3068181818181818,0,Auditori,0.6494560050375264,0.26329684676034587,0.08724714820212763,0,Auditori,0.6494560050375264
MA,10E.,5,SMA N 1 Padang,jurusan teknik,78,81,81,0.325,0.3375,0.3375,0,Auditori,0.8300899500858928,0.040643807765156574,0.1292662421489506,0,Auditori,0.8300899500858928
SR,10E.,5,SMA N 1 Padang,umum,65,77,68,0.30952380952380953,0.36666666666666664,0.3238095238095238,0,Auditori,0.6568897358616143,0.14593484371756754,0.19717542042081823,0,Auditori,0.6568897358616143
FEZ,10E.,5,SMA N 1 Padang,umum,71,60,95,0.3141592920353982,0.26548672566371684,0.42035398230088494,2,Kinestetik,0.24173312137067088,0.16434126596622248,0.5939256126631066,2,Kinestetik,0.5939256126631066
bima Hendrik Pratama ,10E.,5,SMA N 1 Padang,Umum ,79,80,68,0.34801762114537443,0.3524229074889868,0.29955947136563876,0,Auditori,0.45919475901426965,0.45146368727016584,0.08934155371556454,0,Auditori,0.45919475901426965
MNF,10E.,5,SMA N 1 Padang,umum,60,63,76,0.3015075376884422,0.3165829145728643,0.38190954773869346,2,Kinestetik,0.15287109596441642,0.05981158776721429,0.7873173162683693,2,Kinestetik,0.7873173162683693
FN,10E.,5,SMA N 1 Padang,IPA,81,80,76,0.34177215189873417,0.33755274261603374,0.3206751054852321,0,Auditori,0.8801263983074183,0.07832906003914315,0.04154454165343847,0,Auditori,0.8801263983074183
BS,10E.,1,SMA N 1 Padang,IPA ,100,100,100,0.3333333333333333,0.3333333333333333,0.3333333333333333,0,Auditori,0.918493095648571,0.0273024992454815,0.05420440510594742,0,Auditori,0.918493095648571
MRK,10E.,5,SMA N 1 Padang,IPA,79,83,78,0.32916666666666666,0.3458333333333333,0.325,0,Auditori,0.953929150136798,0.021587688374580312,0.02448316148862163,0,Auditori,0.953929150136798
KA,10E.,5,SMA N 1 Padang,umum,77,69,85,0.3333333333333333,0.2987012987012987,0.36796536796536794,2,Kinestetik,0.09975454773479804,0.04911643724162542,0.8511290150235765,2,Kinestetik,0.8511290150235765
NFR,10E.,5,SMA N 1 Padang,umum,79,85,87,0.3147410358565737,0.3386454183266932,0.3466135458167331,0,Auditori,0.5162378361027535,0.06815861692884514,0.4156035469684013,0,Auditori,0.5162378361027535
AA,10E.,5,SMA N 1 Padang,Umum,69,76,69,0.32242990654205606,0.35514018691588783,0.32242990654205606,0,Auditori,0.8163864809043685,0.08622292042005286,0.09739059867557862,0,Auditori,0.8163864809043685
ridho adi setiawan,10E.,5,SMA N 1 Padang,ipa,89,88,79,0.34765625,0.34375,0.30859375,0,Auditori,0.5604332487428185,0.364256865297225,0.07530988595995627,0,Auditori,0.5604332487428185
NAA,10E.,5,SMA N 1 Padang,umum,69,73,79,0.31221719457013575,0.33031674208144796,0.3574660633484163,2,Kinestetik,0.2043607200425511,0.04383547233060109,0.7518038076268478,2,Kinestetik,0.7518038076268478
RUS,10E.,5,SMA N 1 Padang,Umum,61,75,71,0.2946859903381642,0.36231884057971014,0.34299516908212563,0,Auditori,0.5252036049020802,0.13321831978671506,0.34157807531120477,0,Auditori,0.5252036049020802
MAA,10E.,5,SMA N 1 Padang,Umum,68,75,69,0.32075471698113206,0.35377358490566035,0.32547169811320753,0,Auditori,0.8203970928990465,0.07669416313128946,0.10290874396966403,0,Auditori,0.8203970928990465
OA,10E.,5,SMA N 1 Padang,UMUM,70,66,58,0.36082474226804123,0.3402061855670103,0.29896907216494845,0,Auditori,0.14592642439954792,0.8161810670858249,0.03789250851462727,1,Visual,0.8161810670858249
ASP,10E.,5,SMA N 1 Padang,Umum,56,60,48,0.34146341463414637,0.36585365853658536,0.2926829268292683,0,Auditori,0.486935486338956,0.39011988225888394,0.12294463140216007,0,Auditori,0.486935486338956
ADS,10E.,5,SMA N 1 Padang,IPA,72,79,71,0.32432432432432434,0.35585585585585583,0.31981981981981983,0,Auditori,0.8105571896239386,0.09614414866640367,0.0932986617096577,0,Auditori,0.8105571896239386
Nadhira Farahiyah Putri -> NFP,10E.,5,SMA N 1 Padang,Umum,66,70,67,0.3251231527093596,0.3448275862068966,0.33004926108374383,0,Auditori,0.9237432223556542,0.028279601225203323,0.047977176419142537,0,Auditori,0.9237432223556542
QOM,10E.,5,SMA N 1 Padang,IPA,74,74,67,0.34418604651162793,0.34418604651162793,0.3116279069767442,0,Auditori,0.6929276431419061,0.23717269022184642,0.06989966663624743,0,Auditori,0.6929276431419061
Sausan Hansan Talita -> SHT,10E.,5,SMA N 1 Padang,umum,76,79,77,0.3275862068965517,0.34051724137931033,0.33189655172413796,0,Auditori,0.9513419937075657,0.016735730532709117,0.03192227575972525,0,Auditori,0.9513419937075657
AZ,10E.,5,SMA N 1 Padang,ips,82,61,63,0.39805825242718446,0.2961165048543689,0.3058252427184466,1,Visual,0.18018477447534909,0.6897766702591586,0.13003855526549227,1,Visual,0.6897766702591586
Afo,10E.,5,SMA N 1 Padang,Teknik,64,49,57,0.3764705882352941,0.28823529411764703,0.3352941176470588,2,Kinestetik,0.26647507429400946,0.4459000784691473,0.28762484723684323,1,Visual,0.4459000784691473
DJM,10E.,5,SMA N 1 Padang,Umum,57,63,68,0.30319148936170215,0.3351063829787234,0.3617021276595745,2,Kinestetik,0.26312281609696814,0.06598559534353769,0.6708915885594942,2,Kinestetik,0.6708915885594942
PMM,10E.,5,SMA N 1 Padang,IPS,62,66,73,0.30845771144278605,0.3283582089552239,0.36318407960199006,2,Kinestetik,0.16168881398295973,0.041863620958770206,0.7964475650582701,2,Kinestetik,0.7964475650582701
NDI,10E.,5,SMA N 1 Padang,IPA,70,88,69,0.30837004405286345,0.3876651982378855,0.3039647577092511,0,Auditori,0.5416998786671631,0.24735549121441683,0.2109446301184201,0,Auditori,0.5416998786671631
farel gusmadira ,11F.,9,SMA N 1 Padang,ips sosum,74,80,78,0.31896551724137934,0.3448275862068966,0.33620689655172414,0,Auditori,0.7897683585356504,0.05704011629790592,0.15319152516644366,0,Auditori,0.7897683585356504
nancy sisilia zalikha d,11F.,9,SMA N 1 Padang,ips,60,60,64,0.32608695652173914,0.32608695652173914,0.34782608695652173,2,Kinestetik,0.3251069767313981,0.0500648579345367,0.6248281653340652,2,Kinestetik,0.6248281653340652
HMH,11F.,9,SMA N 1 Padang,IPS,76,73,77,0.336283185840708,0.3230088495575221,0.3407079646017699,0,Auditori,0.5454149629071708,0.08942300697036203,0.3651620301224671,0,Auditori,0.5454149629071708
DRW,11F.,9,SMA N 1 Padang,IPS,73,75,77,0.3244444444444444,0.3333333333333333,0.3422222222222222,0,Auditori,0.6489034135894011,0.055740565482867,0.2953560209277319,0,Auditori,0.6489034135894011
MH,11F.,9,SMA N 1 Padang,Sosum jepang,68,74,79,0.3076923076923077,0.334841628959276,0.3574660633484163,2,Kinestetik,0.2804136369249703,0.06083760759159439,0.6587487554834354,2,Kinestetik,0.6587487554834354
RMR,11F.,9,SMA N 1 Padang,ips,67,63,76,0.32524271844660196,0.3058252427184466,0.36893203883495146,2,Kinestetik,0.04147743364072547,0.01689857947342699,0.9416239868858475,2,Kinestetik,0.9416239868858475
AP,11F.,9,SMA N 1 Padang,IPS,94,99,100,0.32081911262798635,0.3378839590443686,0.3412969283276451,0,Auditori,0.6931698705257209,0.056897371653205076,0.249932757821074,0,Auditori,0.6931698705257209
Je,11F.,9,SMA N 1 Padang,sosial,87,77,84,0.35080645161290325,0.31048387096774194,0.3387096774193548,2,Kinestetik,0.387317102217904,0.23404517777999176,0.37863772000210427,0,Auditori,0.387317102217904
fahlevi ,11F.,9,SMA N 1 Padang,IPS ,70,66,78,0.32710280373831774,0.308411214953271,0.3644859813084112,2,Kinestetik,0.023913383327992088,0.009006900764552028,0.9670797159074559,2,Kinestetik,0.9670797159074559
MGJ,11F.,9,SMA N 1 Padang,Ips,78,62,67,0.37681159420289856,0.2995169082125604,0.32367149758454106,1,Visual,0.2251279121752557,0.6010919221445704,0.1737801656801739,1,Visual,0.6010919221445704
MGA,11F.,9,SMA N 1 Padang,IPS,66,73,64,0.3251231527093596,0.35960591133004927,0.31527093596059114,0,Auditori,0.7538534211894204,0.1365310368012826,0.10961554200929696,0,Auditori,0.7538534211894204
JLT,11F.,9,SMA N 1 Padang,IPS,64,62,75,0.31840796019900497,0.30845771144278605,0.373134328358209,2,Kinestetik,0.05253952674638617,0.020652304202477444,0.9268081690511365,2,Kinestetik,0.9268081690511365
N,11F.,9,SMA N 1 Padang,ips,76,78,87,0.3153526970954357,0.3236514522821577,0.36099585062240663,2,Kinestetik,0.07729080049599737,0.01955133904813204,0.9031578604558707,2,Kinestetik,0.9031578604558707
Rahima putri > RP,11F.,9,SMA N 1 Padang,IPS jepang,79,72,82,0.33905579399141633,0.3090128755364807,0.351931330472103,2,Kinestetik,0.1806891230978126,0.07160166944394405,0.7477092074582434,2,Kinestetik,0.7477092074582434
KGS,11F.,9,SMA N 1 Padang,IPS,75,74,74,0.336322869955157,0.33183856502242154,0.33183856502242154,0,Auditori,0.9039536468548469,0.03697335498002948,0.05907299816512361,0,Auditori,0.9039536468548469
Najwa Salsabila ,11F.,9,SMA N 1 Padang,IPS,74,68,73,0.34418604651162793,0.31627906976744186,0.3395348837209302,2,Kinestetik,0.45287574668907926,0.15691566230750723,0.3902085910034136,0,Auditori,0.45287574668907926
FAZV,11F.,9,SMA N 1 Padang,ips,44,52,73,0.2603550295857988,0.3076923076923077,0.4319526627218935,2,Kinestetik,0.2842677949190324,0.1644973818455434,0.5512348232354242,2,Kinestetik,0.5512348232354242
RAAF,11F.,9,SMA N 1 Padang,IPS,77,89,88,0.3031496062992126,0.35039370078740156,0.3464566929133858,0,Auditori,0.5232884160307986,0.10018201796012063,0.3765295660090808,0,Auditori,0.5232884160307986
AK,11F.,9,SMA N 1 Padang,IPS,80,77,72,0.34934497816593885,0.33624454148471616,0.314410480349345,0,Auditori,0.5819318193764457,0.3433060591708076,0.07476212145274684,0,Auditori,0.5819318193764457
MZ,11F.,9,SMA N 1 Padang,IPS,63,75,63,0.31343283582089554,0.373134328358209,0.31343283582089554,0,Auditori,0.6264663941695437,0.19125018282491552,0.1822834230055408,0,Auditori,0.6264663941695437
Zaki akbar,11F.,9,SMA N 1 Padang,Ips b.jep,77,60,60,0.39086294416243655,0.30456852791878175,0.30456852791878175,1,Visual,0.13912531258779567,0.7723331344137396,0.08854155299846478,1,Visual,0.7723331344137396
Selvina,11F.,9,SMA N 1 Padang,Ips,84,72,69,0.37333333333333335,0.32,0.30666666666666664,1,Visual,0.035266590694359286,0.9494743652175073,0.01525904408813341,1,Visual,0.9494743652175073
PZ,11F.,9,SMA N 1 Padang,Ips,68,69,65,0.33663366336633666,0.3415841584158416,0.3217821782178218,0,Auditori,0.9581583509243179,0.024196568315718085,0.017645080759963933,0,Auditori,0.9581583509243179
AFH,11F.,9,SMA N 1 Padang,ips,75,78,84,0.31645569620253167,0.3291139240506329,0.35443037974683544,2,Kinestetik,0.20960798248757936,0.04018504004378474,0.750206977468636,2,Kinestetik,0.750206977468636
Dhavi Rully Adinata -> DRA,11F.,9,SMA N 1 Padang,Ips,66,66,62,0.3402061855670103,0.3402061855670103,0.31958762886597936,0,Auditori,0.898002882128457,0.06621400472188053,0.03578311314966241,0,Auditori,0.898002882128457
ZKPA,11F.,9,SMA N 1 Padang,IPS,69,81,53,0.3399014778325123,0.39901477832512317,0.26108374384236455,0,Auditori,0.4024017986548668,0.4152585645819285,0.18233963676320458,1,Visual,0.4152585645819285
Dirgo,11F.,9,SMA N 1 Padang,Bahasa,67,73,74,0.3130841121495327,0.3411214953271028,0.34579439252336447,0,Auditori,0.5451725269336065,0.0730551139804564,0.38177235908593704,0,Auditori,0.5451725269336065
RR,11F.,9,SMA N 1 Padang,Soshum Bahasa Jepang,78,45,39,0.48148148148148145,0.2777777777777778,0.24074074074074073,1,Visual,0.2748709911652971,0.5022986009905843,0.22283040784411862,1,Visual,0.5022986009905843
maa,11F.,9,SMA N 1 Padang,ips,67,66,54,0.3582887700534759,0.35294117647058826,0.2887700534759358,0,Auditori,0.2749844621010135,0.6466886807135039,0.07832685718548259,1,Visual,0.6466886807135039
WDR (Wafaa Dea Ramadhani),11F.,9,SMA N 2 Padang,ips (senirupa),72,66,62,0.36,0.33,0.31,0,Auditori,0.1565979871092364,0.8028703975308901,0.04053161535987355,1,Visual,0.8028703975308901
GAN,11F.,8,SMA N 1 Padang,Saintek B. Ing (Kesehatan),96,72,77,0.39183673469387753,0.2938775510204082,0.3142857142857143,1,Visual,0.1965774893163065,0.6521683512533281,0.15125415943036538,1,Visual,0.6521683512533281
NGA,11F.,8,SMA N 1 Padang,Kesehatan,66,75,56,0.3350253807106599,0.38071065989847713,0.28426395939086296,0,Auditori,0.4684233811106264,0.37391199659778335,0.1576646222915902,0,Auditori,0.4684233811106264
APW,11F.,8,SMA N 1 Padang,IPA kesehatan,74,61,79,0.34579439252336447,0.2850467289719626,0.3691588785046729,2,Kinestetik,0.19607929418820008,0.13508764937473508,0.6688330564370648,2,Kinestetik,0.6688330564370648
TSE,11F.,8,SMA N 1 Padang,Kesehatan(IPA),85,80,90,0.3333333333333333,0.3137254901960784,0.35294117647058826,2,Kinestetik,0.11703600522763481,0.03582599125732848,0.8471380035150368,2,Kinestetik,0.8471380035150368
MFG,11F.,8,SMA N 1 Padang,SAINTEK BAHASA INGGRIS,71,73,64,0.34134615384615385,0.35096153846153844,0.3076923076923077,0,Auditori,0.6607204873413534,0.2556907902850827,0.08358872237356395,0,Auditori,0.6607204873413534
DH,11F.,8,SMA N 1 Padang,Saintek B. Inggris,71,66,62,0.35678391959798994,0.3316582914572864,0.31155778894472363,0,Auditori,0.26622158102519544,0.6754251685562197,0.05835325041858479,1,Visual,0.6754251685562197
NM,11F.,8,SMA N 1 Padang,IPA BAHASA INGGRIS,64,69,79,0.3018867924528302,0.32547169811320753,0.37264150943396224,2,Kinestetik,0.16644541382207426,0.05405993576565186,0.7794946504122738,2,Kinestetik,0.7794946504122738
SRP,11F.,8,SMA N 1 Padang,kesehatan (ipa),76,59,89,0.3392857142857143,0.26339285714285715,0.39732142857142855,2,Kinestetik,0.22997499069108276,0.17161105182311978,0.5984139574857975,2,Kinestetik,0.5984139574857975
Fajar,11F.,8,SMA N 1 Padang,Kesehatan,60,78,64,0.297029702970297,0.38613861386138615,0.31683168316831684,0,Auditori,0.5416728508597274,0.2105988830092797,0.2477282661309929,0,Auditori,0.5416728508597274
NS,11F.,8,SMA N 1 Padang,Kesehatan,78,75,71,0.3482142857142857,0.33482142857142855,0.3169642857142857,0,Auditori,0.6510317124682875,0.273362911861409,0.07560537567030352,0,Auditori,0.6510317124682875
CMR,11F.,12,SMA N 1 Padang,Saintek kesehatan ,87,74,76,0.3670886075949367,0.31223628691983124,0.3206751054852321,0,Auditori,0.21749651718439014,0.6662881023330133,0.11621538048259648,1,Visual,0.6662881023330133
RM,11F.,8,SMA N 1 Padang,IPA KESEHATAN / Saintek bahasa inggris lanjut,72,69,71,0.33962264150943394,0.32547169811320753,0.33490566037735847,0,Auditori,0.7122769064934033,0.09814106941856764,0.18958202408802918,0,Auditori,0.7122769064934033
DRW,11F.,8,SMA N 1 Padang,IPA Kesehatan,74,68,82,0.33035714285714285,0.30357142857142855,0.36607142857142855,2,Kinestetik,0.06120971203101124,0.02651365630700135,0.9122766316619875,2,Kinestetik,0.9122766316619875
FNT,11F.,8,SMA N 1 Padang,Saintek - Bahasa inggris,69,73,66,0.3317307692307692,0.35096153846153844,0.3173076923076923,0,Auditori,0.8578969334152549,0.08329607269466956,0.05880699389007556,0,Auditori,0.8578969334152549
RAP,11F.,8,SMA N 1 Padang,Saintek B Inggris,68,66,73,0.3285024154589372,0.3188405797101449,0.3526570048309179,2,Kinestetik,0.10483450673810761,0.02506837773729287,0.8700971155245995,2,Kinestetik,0.8700971155245995
GA,11F.,8,SMA N 1 Padang,IPA kesehatan,75,71,57,0.3694581280788177,0.3497536945812808,0.28078817733990147,1,Visual,0.1895224898796929,0.7422848634527405,0.06819264666756666,1,Visual,0.7422848634527405
ARH,11F.,8,SMA N 1 Padang,kesehatan,67,65,69,0.3333333333333333,0.32338308457711445,0.34328358208955223,2,Kinestetik,0.467327559542286,0.07438867515008085,0.4582837653076331,0,Auditori,0.467327559542286
NAH,11F.,8,SMA N 1 Padang,Saintek B.inggris Lanjut,73,67,51,0.38219895287958117,0.3507853403141361,0.2670157068062827,1,Visual,0.20719461992953275,0.7002539642592955,0.09255141581117177,1,Visual,0.7002539642592955
AHK,11F.,8,SMA N 1 Padang,kesehatan ,70,76,61,0.33816425120772947,0.3671497584541063,0.2946859903381642,0,Auditori,0.519380139913092,0.35265596025488544,0.12796389983202267,0,Auditori,0.519380139913092
AZH,11F.,8,SMA N 1 Padang,kesehatan (ipa),75,74,79,0.32894736842105265,0.32456140350877194,0.34649122807017546,2,Kinestetik,0.356418512483058,0.05622464478099787,0.5873568427359441,2,Kinestetik,0.5873568427359441
KAR,11F.,8,SMA N 1 Padang,Saintek B.inggris Lanjut,73,73,75,0.33031674208144796,0.33031674208144796,0.3393665158371041,0,Auditori,0.7289607017896064,0.055113214383649474,0.21592608382674416,0,Auditori,0.7289607017896064
KPD,11F.,8,SMA N 1 Padang,Kesehatan,82,79,81,0.33884297520661155,0.32644628099173556,0.3347107438016529,0,Auditori,0.7420036017633969,0.08749854751836247,0.17049785071824075,0,Auditori,0.7420036017633969
KJP,11F.,8,SMA N 1 Padang,Kesehatan,78,54,50,0.42857142857142855,0.2967032967032967,0.27472527472527475,1,Visual,0.2216109229796509,0.618751755114122,0.15963732190622715,1,Visual,0.618751755114122
MR,11F.,8,SMA N 1 Padang,saintek bahasa inggris,72,81,80,0.3090128755364807,0.34763948497854075,0.34334763948497854,0,Auditori,0.5876516263377095,0.08760860983681701,0.32473976382547354,0,Auditori,0.5876516263377095
IZM,11F.,8,SMA N 1 Padang,Ipa Kesehatan,68,60,67,0.3487179487179487,0.3076923076923077,0.3435897435897436,2,Kinestetik,0.3294094565227202,0.18486669973131722,0.4857238437459625,2,Kinestetik,0.4857238437459625
HAA,11F.,8,SMA N 1 Padang,kesehatan,73,73,100,0.2967479674796748,0.2967479674796748,0.4065040650406504,2,Kinestetik,0.21402377586927518,0.11453226928748492,0.6714439548432399,2,Kinestetik,0.6714439548432399
SMI,11F.,8,SMA N 1 Padang,Kesehatan,70,77,64,0.33175355450236965,0.36492890995260663,0.3033175355450237,0,Auditori,0.6206275401529504,0.2539671061673787,0.12540535367967087,0,Auditori,0.6206275401529504
NRS,11F.,8,SMA N 1 Padang,kesehatan (IPA),72,71,83,0.3185840707964602,0.3141592920353982,0.3672566371681416,2,Kinestetik,0.019973723333800736,0.006674938526167438,0.9733513381400318,2,Kinestetik,0.9733513381400318
JA,11F.,8,SMA N 1 Padang,Saintek Bahasa Inggris,78,64,66,0.375,0.3076923076923077,0.3173076923076923,1,Visual,0.16917904235205664,0.7281209693628988,0.10269998828504465,1,Visual,0.7281209693628988
JS,11F.,8,SMA N 2 Padang,saintek,76,56,72,0.37254901960784315,0.27450980392156865,0.35294117647058826,2,Kinestetik,0.2675996402917347,0.31376141709444366,0.4186389426138216,2,Kinestetik,0.4186389426138216
KR,11F.,8,SMA N 1 Padang,IPA Kesehatan,66,71,78,0.30697674418604654,0.3302325581395349,0.3627906976744186,2,Kinestetik,0.1911588986774237,0.048795305537180506,0.7600457957853959,2,Kinestetik,0.7600457957853959
miah,11F.,8,SMA N 1 Padang,IPA kesehatan,69,70,67,0.33495145631067963,0.33980582524271846,0.32524271844660196,0,Auditori,0.9929876103454337,0.0035512237497546113,0.003461165904811716,0,Auditori,0.9929876103454337
Brenda Chairunisa kinanti,12F.,9,SMA N 1 Padang,ipa,40,60,49,0.2684563758389262,0.40268456375838924,0.3288590604026846,0,Auditori,0.46091150294263983,0.22129578409649173,0.3177927129608685,0,Auditori,0.46091150294263983
SSS,12F.,9,SMA N 1 Padang,kedokteran,60,79,77,0.2777777777777778,0.36574074074074076,0.35648148148148145,0,Auditori,0.43043770878183124,0.14909766687087747,0.42046462434729126,0,Auditori,0.43043770878183124
AS,12F.,9,SMA N 1 Padang,IPC,76,73,71,0.34545454545454546,0.33181818181818185,0.32272727272727275,0,Auditori,0.7703194896565976,0.15321941811243556,0.07646109223096685,0,Auditori,0.7703194896565976
STA,12F.,12,SMA N 1 Padang,IPC,92,90,97,0.32974910394265233,0.3225806451612903,0.34767025089605735,2,Kinestetik,0.2866083145931712,0.05213462639489179,0.661257059011937,2,Kinestetik,0.661257059011937
WA,12F.,9,SMA N 1 Padang,IPC,73,82,71,0.3230088495575221,0.36283185840707965,0.3141592920353982,0,Auditori,0.7169997530837264,0.15575994608799015,0.12724030082828353,0,Auditori,0.7169997530837264
fathir,12F.,9,SMA N 1 Padang,IPA,66,63,68,0.3350253807106599,0.3197969543147208,0.34517766497461927,2,Kinestetik,0.35568351201179377,0.07625830520965668,0.5680581827785495,2,Kinestetik,0.5680581827785495
APF,12F.,9,SMA N 1 Padang,IPC,88,75,46,0.42105263157894735,0.3588516746411483,0.22009569377990432,1,Visual,0.27971462902882427,0.5471590845612274,0.17312628640994823,1,Visual,0.5471590845612274
RAV,12F.,9,SMA N 1 Padang,IPC,80,73,95,0.3225806451612903,0.29435483870967744,0.38306451612903225,2,Kinestetik,0.13035213931505116,0.06729556011379491,0.8023523005711539,2,Kinestetik,0.8023523005711539
KP,12F.,9,SMA N 1 Padang,IPC,85,55,47,0.45454545454545453,0.29411764705882354,0.25133689839572193,1,Visual,0.25611280092807126,0.5505413269954502,0.19334587207647846,1,Visual,0.5505413269954502
RPA,12F.,9,SMA N 1 Padang,IPAS/IPC,79,66,77,0.35585585585585583,0.2972972972972973,0.34684684684684686,2,Kinestetik,0.2845116515447818,0.235178662251779,0.4803096862034391,2,Kinestetik,0.4803096862034391
ztz,12F.,3,SMA N 1 Padang,ipa,58,60,72,0.30526315789473685,0.3157894736842105,0.37894736842105264,2,Kinestetik,0.12652305164443978,0.04801027834318707,0.8254666700123733,2,Kinestetik,0.8254666700123733
LAT,12F.,9,SMA N 1 Padang,IPA C,73,64,61,0.3686868686868687,0.32323232323232326,0.30808080808080807,1,Visual,0.03698198797102404,0.9491063124645115,0.013911699564464463,1,Visual,0.9491063124645115
CZS,12F.,9,SMA N 1 Padang,IPC,76,69,72,0.35023041474654376,0.31797235023041476,0.3317972350230415,0,Auditori,0.5012140398419933,0.26263506617036064,0.236150893987646,0,Auditori,0.5012140398419933
NZ,12F.,9,SMA N 1 Padang,IPC,72,66,53,0.3769633507853403,0.34554973821989526,0.2774869109947644,1,Visual,0.1602361903198255,0.7750397048618669,0.06472410481830752,1,Visual,0.7750397048618669
Suci Rahmadhani ,12F.,9,SMA N 1 Padang,ipc,73,79,86,0.3067226890756303,0.3319327731092437,0.36134453781512604,2,Kinestetik,0.21851605231666332,0.05347805070963872,0.728005896973698,2,Kinestetik,0.728005896973698
BHS,12F.,9,SMA N 1 Padang,IPC,78,76,78,0.33620689655172414,0.3275862068965517,0.33620689655172414,0,Auditori,0.7545075570024619,0.07064008304313622,0.174852359954402,0,Auditori,0.7545075570024619
SPB,12F.,9,SMA N 1 Padang,IPC,74,70,82,0.3274336283185841,0.30973451327433627,0.36283185840707965,2,Kinestetik,0.018516861699353685,0.006676032628976487,0.9748071056716698,2,Kinestetik,0.9748071056716698
KK,12F.,9,SMA N 1 Padang,Ipc,74,44,30,0.5,0.2972972972972973,0.20270270270270271,1,Visual,0.2892257502430681,0.48130882082400234,0.22946542893292957,1,Visual,0.48130882082400234
Habibi harsya ,12F.,9,SMA N 1 Padang,ipc,64,58,70,0.3333333333333333,0.3020833333333333,0.3645833333333333,2,Kinestetik,0.08311060374078047,0.03791692298149861,0.8789724732777209,2,Kinestetik,0.8789724732777209
RFA,12F.,9,SMA N 1 Padang,IPC,75,68,71,0.35046728971962615,0.3177570093457944,0.3317757009345794,0,Auditori,0.4959750966145805,0.2669700265778804,0.23705487680753928,0,Auditori,0.4959750966145805
NLN,12F.,9,SMA N 1 Padang,IPC,90,85,97,0.33088235294117646,0.3125,0.35661764705882354,2,Kinestetik,0.052761933729091694,0.017021062555664348,0.930217003715244,2,Kinestetik,0.930217003715244
AHPS,12F.,9,SMA N 1 Padang,ipc,85,76,88,0.3413654618473896,0.30522088353413657,0.3534136546184739,2,Kinestetik,0.18454174675796597,0.0860350261753302,0.7294232270667039,2,Kinestetik,0.7294232270667039
KK,12F.,9,SMA N 1 Padang,IPC,82,80,69,0.354978354978355,0.3463203463203463,0.2987012987012987,0,Auditori,0.2996894141781358,0.6336043534147969,0.06670623240706723,1,Visual,0.6336043534147969
TSZ,12F.,9,SMA N 1 Padang,IPAC,90,80,77,0.3643724696356275,0.32388663967611336,0.3117408906882591,0,Auditori,0.10357075629010654,0.8612438124457732,0.03518543126412022,1,Visual,0.8612438124457732
MRA,12F.,9,SMA N 1 Padang,IPC (Bisnis-kesehatan),80,68,79,0.3524229074889868,0.29955947136563876,0.34801762114537443,2,Kinestetik,0.2771703315815678,0.1990598426450615,0.5237698257733707,2,Kinestetik,0.5237698257733707
RZN,12F.,9,SMA N 1 Padang,IPC,60,60,60,0.3333333333333333,0.3333333333333333,0.3333333333333333,0,Auditori,0.918493095648571,0.0273024992454815,0.05420440510594742,0,Auditori,0.918493095648571
RR,12F.,9,SMA N 1 Padang,IPC,74,61,69,0.3627450980392157,0.29901960784313725,0.3382352941176471,2,Kinestetik,0.3047753113138393,0.35516527029114187,0.34005941839501885,1,Visual,0.35516527029114187
SHK,12F.,9,SMA N 1 Padang,ipc,57,56,60,0.32947976878612717,0.3236994219653179,0.3468208092485549,2,Kinestetik,0.33218138293732646,0.055544288018496306,0.6122743290441772,2,Kinestetik,0.6122743290441772
AAM,12F.,9,SMA N 1 Padang,IPC,74,68,73,0.34418604651162793,0.31627906976744186,0.3395348837209302,2,Kinestetik,0.45287574668907926,0.15691566230750723,0.3902085910034136,0,Auditori,0.45287574668907926
FNE,11F.,7,SMA N 1 Padang,IPC,69,59,67,0.35384615384615387,0.30256410256410254,0.3435897435897436,2,Kinestetik,0.3116651311243608,0.23491162651053155,0.45342324236510767,2,Kinestetik,0.45342324236510767
DNR,11F.,7,SMA N 1 Padang,IPC,80,80,80,0.3333333333333333,0.3333333333333333,0.3333333333333333,0,Auditori,0.918493095648571,0.0273024992454815,0.05420440510594742,0,Auditori,0.918493095648571
HLE,11F.,7,SMA N 1 Padang,IPC,74,73,62,0.35406698564593303,0.3492822966507177,0.2966507177033493,0,Auditori,0.3257606498068682,0.5996128251311783,0.07462652506195337,1,Visual,0.5996128251311783
RS,11F.,7,SMA N 1 Padang,IPC,76,75,77,0.3333333333333333,0.32894736842105265,0.33771929824561403,0,Auditori,0.7541091166472328,0.059635170312625524,0.18625571304014174,0,Auditori,0.7541091166472328
NBR ,11F.,7,SMA N 1 Padang,IPC,77,81,75,0.33047210300429186,0.34763948497854075,0.3218884120171674,0,Auditori,0.9278790436227923,0.037648922196705535,0.034472034180502195,0,Auditori,0.9278790436227923
FMA,11F.,7,SMA N 1 Padang,IPC,72,70,79,0.3257918552036199,0.3167420814479638,0.3574660633484163,2,Kinestetik,0.020388761367421977,0.0056339834484072605,0.9739772551841709,2,Kinestetik,0.9739772551841709
Fea,11F.,7,SMA N 1 Padang,IPC,78,79,81,0.3277310924369748,0.3319327731092437,0.3403361344537815,0,Auditori,0.7135766442945051,0.05302700285739484,0.23339635284810012,0,Auditori,0.7135766442945051
HRP,11F.,7,SMA N 1 Padang,IPC,71,69,73,0.3333333333333333,0.323943661971831,0.3427230046948357,2,Kinestetik,0.4968477332852081,0.07484849273132875,0.42830377398346314,0,Auditori,0.4968477332852081
DEP,11F.,7,SMA N 1 Padang,IPC,60,64,55,0.33519553072625696,0.3575418994413408,0.30726256983240224,0,Auditori,0.6804680256599145,0.21985415229826735,0.09967782204181815,0,Auditori,0.6804680256599145
FAA,11F.,7,SMA N 1 Padang,Saintek ekonomi,78,78,98,0.30708661417322836,0.30708661417322836,0.3858267716535433,2,Kinestetik,0.13795599837048325,0.06068528454483894,0.8013587170846778,2,Kinestetik,0.8013587170846778
AM,11F.,7,SMA N 1 Padang,IPC,86,60,82,0.37719298245614036,0.2631578947368421,0.35964912280701755,2,Kinestetik,0.2667732498617176,0.3098390722874359,0.4233876778508465,2,Kinestetik,0.4233876778508465
JDLR,11F.,7,SMA N 1 Padang,IPC Ekonomi,78,70,70,0.3577981651376147,0.3211009174311927,0.3211009174311927,0,Auditori,0.343439311438221,0.5401200338286365,0.1164406547331425,1,Visual,0.5401200338286365
AKK,11F.,7,SMA N 1 Padang,IPC,77,74,79,0.3347826086956522,0.3217391304347826,0.34347826086956523,2,Kinestetik,0.4364297620449513,0.08002589365808266,0.4835443442969661,2,Kinestetik,0.4835443442969661
FNS,11F.,7,SMA N 1 Padang,IPC,74,59,70,0.3645320197044335,0.29064039408866993,0.3448275862068966,2,Kinestetik,0.28211489016427815,0.31346534098807843,0.40441976884764347,2,Kinestetik,0.40441976884764347
KTM,11F.,7,SMA N 1 Padang,IPC,92,90,89,0.33948339483394835,0.33210332103321033,0.3284132841328413,0,Auditori,0.9003980850222104,0.04846103305788821,0.05114088191990148,0,Auditori,0.9003980850222104
QE,11F.,7,SMA N 1 Padang,IPC,91,82,45,0.41743119266055045,0.3761467889908257,0.20642201834862386,1,Visual,0.29952898965469565,0.5131075927018316,0.18736341764347267,1,Visual,0.5131075927018316
BRS,11F.,7,SMA N 1 Padang,"IPC , EKONOMI",88,77,96,0.3371647509578544,0.2950191570881226,0.367816091954023,2,Kinestetik,0.1330717435100057,0.0725671595615454,0.7943610969284489,2,Kinestetik,0.7943610969284489
ATD,11F.,7,SMA N 1 Padang,IPC,76,80,71,0.33480176211453744,0.3524229074889868,0.31277533039647576,0,Auditori,0.7839024326337611,0.14144695072033073,0.074650616645908,0,Auditori,0.7839024326337611
AG,11F.,7,SMA N 1 Padang,IPC,73,80,62,0.3395348837209302,0.37209302325581395,0.28837209302325584,0,Auditori,0.47283817447330706,0.38957196460249754,0.13758986092419534,0,Auditori,0.47283817447330706
Msd,11F.,7,SMA N 1 Padang,Ipc,75,63,77,0.3488372093023256,0.2930232558139535,0.3581395348837209,2,Kinestetik,0.2152034976805152,0.14616677415788237,0.6386297281616024,2,Kinestetik,0.6386297281616024
AG,11F.,7,SMA N 1 Padang,IPC,73,80,62,0.3395348837209302,0.37209302325581395,0.28837209302325584,0,Auditori,0.47283817447330706,0.38957196460249754,0.13758986092419534,0,Auditori,0.47283817447330706
Z,11F.,7,SMA N 1 Padang,Saintek Eko,76,69,71,0.35185185185185186,0.3194444444444444,0.3287037037037037,0,Auditori,0.49708704356824646,0.31017423963112306,0.19273871680063057,0,Auditori,0.49708704356824646
RA,11F.,7,SMA N 1 Padang,IPC,69,64,80,0.323943661971831,0.3004694835680751,0.3755868544600939,2,Kinestetik,0.08550878496821342,0.03954171597639087,0.8749494990553958,2,Kinestetik,0.8749494990553958
SAI,11F.,7,SMA N 1 Padang,IPC,73,55,69,0.37055837563451777,0.27918781725888325,0.350253807106599,2,Kinestetik,0.26961335517196233,0.3163375486509455,0.4140490961770922,2,Kinestetik,0.4140490961770922
ua,11F.,7,SMA N 1 Padang,ipc eko,85,70,71,0.37610619469026546,0.30973451327433627,0.3141592920353982,1,Visual,0.13678233700977557,0.7853278416471121,0.07788982134311223,1,Visual,0.7853278416471121
ABI,11F.,7,SMA N 1 Padang,IPC,75,71,81,0.3303964757709251,0.31277533039647576,0.3568281938325991,2,Kinestetik,0.04707347048365517,0.015019807056148854,0.937906722460196,2,Kinestetik,0.937906722460196
FJR,11F.,7,SMA N 1 Padang,Saintek ekonomi,88,83,89,0.3384615384615385,0.3192307692307692,0.3423076923076923,2,Kinestetik,0.43915175309791404,0.10252465962760325,0.45832358727448286,2,Kinestetik,0.45832358727448286
SUH,11F.,7,SMA N 1 Padang,IPC,85,75,76,0.3601694915254237,0.3177966101694915,0.3220338983050847,0,Auditori,0.3046554317885239,0.5690851498821446,0.1262594183293314,1,Visual,0.5690851498821446
LCP,11F.,7,SMA N 1 Padang,IPC,69,66,72,0.3333333333333333,0.3188405797101449,0.34782608695652173,2,Kinestetik,0.25662595053534476,0.05883770067110032,0.684536348793555,2,Kinestetik,0.684536348793555
AMV,11F.,7,SMA N 1 Padang,IPC EKO,64,71,71,0.3106796116504854,0.3446601941747573,0.3446601941747573,0,Auditori,0.5700735880087122,0.08083453988014243,0.34909187211114534,0,Auditori,0.5700735880087122
MFK,11F.,7,SMA N 1 Padang,Saintek EKO,73,73,69,0.3395348837209302,0.3395348837209302,0.3209302325581395,0,Auditori,0.9230708917630992,0.047907222052700954,0.029021886184199715,0,Auditori,0.9230708917630992
Diozargi Akhtar Yasser,11F.,7,SMA N 1 Padang,IPC Ekonomi,66,61,67,0.3402061855670103,0.31443298969072164,0.34536082474226804,2,Kinestetik,0.3209769683380546,0.10409403678554952,0.5749289948763959,2,Kinestetik,0.5749289948763959
TAA,11F.,7,SMA N 1 Padang,IPC EKO,75,60,76,0.35545023696682465,0.2843601895734597,0.36018957345971564,2,Kinestetik,0.2384129366170591,0.19674699072551916,0.5648400726574219,2,Kinestetik,0.5648400726574219
AR,11F.,7,SMA N 1 Padang,ipc Saintek eko,100,100,100,0.3333333333333333,0.3333333333333333,0.3333333333333333,0,Auditori,0.918493095648571,0.0273024992454815,0.05420440510594742,0,Auditori,0.918493095648571
Z,11F.,7,SMA N 1 Padang,saintek eko,64,66,58,0.3404255319148936,0.35106382978723405,0.30851063829787234,0,Auditori,0.6841102368549057,0.23375915612528908,0.08213060701980518,0,Auditori,0.6841102368549057
NNA,11F.,7,SMA N 1 Padang,IPC,74,71,69,0.34579439252336447,0.3317757009345794,0.32242990654205606,0,Auditori,0.7589680444245237,0.1630560195266793,0.07797593604879702,0,Auditori,0.7589680444245237
FA,10E.,8,SMA N 1 Padang,IPS,60,60,61,0.3314917127071823,0.3314917127071823,0.3370165745856354,0,Auditori,0.8181494349854678,0.045747852221072964,0.13610271279345923,0,Auditori,0.8181494349854678
MA,10E.,8,SMA N 1 Padang,ips,64,60,65,0.3386243386243386,0.31746031746031744,0.3439153439153439,2,Kinestetik,0.37619476106464517,0.09921996614520215,0.5245852727901527,2,Kinestetik,0.5245852727901527
R,10E.,8,SMA N 1 Padang,IPA,86,70,85,0.35684647302904565,0.29045643153526973,0.35269709543568467,2,Kinestetik,0.2586269448096912,0.22037603282634896,0.5209970223639598,2,Kinestetik,0.5209970223639598
VCR,10E.,8,SMA N 1 Padang,Ips,91,97,65,0.35968379446640314,0.383399209486166,0.25691699604743085,1,Visual,0.3454843378674364,0.501344186922248,0.15317147521031552,1,Visual,0.501344186922248
APB,10E.,8,SMA N 1 Padang,IPS,64,78,80,0.2882882882882883,0.35135135135135137,0.36036036036036034,2,Kinestetik,0.3913711133031372,0.11563440406601615,0.4929944826308467,2,Kinestetik,0.4929944826308467
AZ,10E.,8,SMA N 1 Padang,umum ,79,80,81,0.32916666666666666,0.3333333333333333,0.3375,0,Auditori,0.825118208201927,0.041677150607134866,0.1332046411909381,0,Auditori,0.825118208201927
GPP,10E.,8,SMA N 1 Padang,IPA,53,70,59,0.29120879120879123,0.38461538461538464,0.3241758241758242,0,Auditori,0.5295810982133551,0.19676047936418037,0.2736584224224646,0,Auditori,0.5295810982133551
FAF,10E.,8,SMA N 1 Padang,Umum,60,63,53,0.3409090909090909,0.35795454545454547,0.30113636363636365,0,Auditori,0.5665345404657637,0.32931936717518445,0.10414609235905185,0,Auditori,0.5665345404657637
JMAP,10E.,8,SMA N 1 Padang,Umum,75,78,71,0.33482142857142855,0.3482142857142857,0.3169642857142857,0,Auditori,0.8715723748143663,0.07950506627628515,0.04892255890934855,0,Auditori,0.8715723748143663
OP,10E.,8,SMA N 1 Padang,ips,53,78,76,0.2560386473429952,0.37681159420289856,0.3671497584541063,0,Auditori,0.39931875432522673,0.17726527468919775,0.4234159709855755,2,Kinestetik,0.4234159709855755
AAU,10E.,8,SMA N 1 Padang,Ips,61,62,62,0.32972972972972975,0.33513513513513515,0.33513513513513515,0,Auditori,0.9009832735002499,0.028302555740308412,0.07071417075944167,0,Auditori,0.9009832735002499
NSR,10E.,8,SMA N 1 Padang,IPA,88,83,65,0.3728813559322034,0.3516949152542373,0.2754237288135593,1,Visual,0.2032326652816414,0.7175569766783874,0.07921035803997122,1,Visual,0.7175569766783874
ZF,10E.,8,SMA N 1 Padang,umum,73,71,82,0.3230088495575221,0.3141592920353982,0.36283185840707965,2,Kinestetik,0.0005044238249928689,0.0001602142391966634,0.9993353619358104,2,Kinestetik,0.9993353619358104
RG,10E.,8,SMA N 1 Padang,IPA,78,74,83,0.33191489361702126,0.3148936170212766,0.35319148936170214,2,Kinestetik,0.10262861509563768,0.029638953655787514,0.8677324312485748,2,Kinestetik,0.8677324312485748
ASH,10E.,8,SMA N 1 Padang,IPA,91,91,93,0.33090909090909093,0.33090909090909093,0.3381818181818182,0,Auditori,0.7762208653590038,0.05081545954878402,0.17296367509221225,0,Auditori,0.7762208653590038
SOM,10E.,8,SMA N 1 Padang,IPS,74,80,84,0.31092436974789917,0.33613445378151263,0.35294117647058826,2,Kinestetik,0.3509421738479181,0.06365021024860394,0.585407615903478,2,Kinestetik,0.585407615903478
KAF,10E.,8,SMA N 1 Padang,IPA ,71,66,77,0.3317757009345794,0.308411214953271,0.3598130841121495,2,Kinestetik,0.052494313971390684,0.019790433452564416,0.9277152525760449,2,Kinestetik,0.9277152525760449
SK,10E.,8,SMA N 1 Padang,IPA,81,80,75,0.3432203389830508,0.3389830508474576,0.3177966101694915,0,Auditori,0.8174823272823143,0.1294084942105798,0.053109178507105864,0,Auditori,0.8174823272823143
SHA,10E.,8,SMA N 1 Padang,ipa,81,80,83,0.3319672131147541,0.32786885245901637,0.3401639344262295,0,Auditori,0.6596732663886722,0.0649175867828816,0.27540914682844625,0,Auditori,0.6596732663886722
AC,10E.,8,SMA N 1 Padang,Umum,77,68,74,0.3515981735159817,0.3105022831050228,0.3378995433789954,2,Kinestetik,0.39010099506651835,0.24834197573560748,0.3615570291978741,0,Auditori,0.39010099506651835
ADK,10E.,8,SMA N 1 Padang,IPA,81,69,90,0.3375,0.2875,0.375,2,Kinestetik,0.16303100761781397,0.09938703610282904,0.7375819562793571,2,Kinestetik,0.7375819562793571
FAH,10E.,8,SMA N 1 Padang,Umum,70,73,66,0.3349282296650718,0.3492822966507177,0.3157894736842105,0,Auditori,0.8474358569962892,0.09634594350763957,0.056218199496071306,0,Auditori,0.8474358569962892
KAR,10E.,8,SMA N 1 Padang,IPA,73,83,84,0.30416666666666664,0.3458333333333333,0.35,0,Auditori,0.4686757210843302,0.09028735444471028,0.4410369244709596,0,Auditori,0.4686757210843302
SAK,10E.,8,SMA N 1 Padang,umum,78,80,70,0.34210526315789475,0.3508771929824561,0.30701754385964913,0,Auditori,0.6407399495616715,0.2746652407469174,0.08459480969141114,0,Auditori,0.6407399495616715
NQN,10E.,8,SMA N 1 Padang,UMUM,75,76,70,0.3393665158371041,0.3438914027149321,0.3167420814479638,0,Auditori,0.8602770282393658,0.09389224267807426,0.04583072908255987,0,Auditori,0.8602770282393658
nka,10E.,8,SMA N 1 Padang,umum,45,65,63,0.26011560693641617,0.37572254335260113,0.36416184971098264,0,Auditori,0.4058816079652353,0.173820289546015,0.42029810248874977,2,Kinestetik,0.42029810248874977
VHL,10E.,8,SMA N 1 Padang,ipa,75,72,62,0.3588516746411483,0.3444976076555024,0.2966507177033493,0,Auditori,0.21229300779979307,0.7341014437720653,0.053605548428141504,1,Visual,0.7341014437720653
FCD,10E.,8,SMA N 1 Padang,umum,76,59,65,0.38,0.295,0.325,1,Visual,0.2322245629238889,0.5722674467847506,0.19550799029136046,1,Visual,0.5722674467847506
RPL,10E.,8,SMA N 1 Padang,Umum,66,82,77,0.29333333333333333,0.36444444444444446,0.3422222222222222,0,Auditori,0.5235793774577098,0.13898267015194057,0.3374379523903496,0,Auditori,0.5235793774577098
nka,10E.,8,SMA N 1 Padang,umum,65,76,82,0.2914798206278027,0.34080717488789236,0.36771300448430494,2,Kinestetik,0.3072429877749569,0.09419943089488879,0.5985575813301544,2,Kinestetik,0.5985575813301544
MYA,10E.,8,SMA N 1 Padang,IPA,74,72,62,0.3557692307692308,0.34615384615384615,0.2980769230769231,0,Auditori,0.28117265530233476,0.6543013527320503,0.06452599196561498,1,Visual,0.6543013527320503
BAI,10E.,8,SMA N 1 Padang,Ilmu Administrasi,68,80,68,0.3148148148148148,0.37037037037037035,0.3148148148148148,0,Auditori,0.64820229449492,0.17870038135868738,0.1730973241463926,0,Auditori,0.64820229449492
Fmi,12F.,13,SMA N 1 Padang,Ips,67,71,62,0.335,0.355,0.31,0,Auditori,0.7293901582876477,0.18228303493920484,0.08832680677314751,0,Auditori,0.7293901582876477
khairunnas,12F.,13,SMA N 1 Padang,ips,24,28,20,0.3333333333333333,0.3888888888888889,0.2777777777777778,0,Auditori,0.448181944780019,0.37946613444787186,0.17235192077210917,0,Auditori,0.448181944780019
Vhano,12F.,13,SMA N 1 Padang,teknik,49,47,45,0.3475177304964539,0.3333333333333333,0.3191489361702128,0,Auditori,0.6921294616689052,0.23037865910382213,0.07749187922727273,0,Auditori,0.6921294616689052
APV,12F.,13,SMA N 1 Padang,IPS,61,61,66,0.324468085106383,0.324468085106383,0.35106382978723405,2,Kinestetik,0.19332082969304867,0.0356374307251917,0.7710417395817596,2,Kinestetik,0.7710417395817596
FDA,12F.,13,SMA N 1 Padang,sosial,85,82,42,0.40669856459330145,0.3923444976076555,0.20095693779904306,1,Visual,0.31445503298086097,0.49042490143450934,0.19512006558462974,1,Visual,0.49042490143450934
FM,12F.,13,SMA N 1 Padang,IPS ,60,60,60,0.3333333333333333,0.3333333333333333,0.3333333333333333,0,Auditori,0.918493095648571,0.0273024992454815,0.05420440510594742,0,Auditori,0.918493095648571
LA,12F.,13,SMA N 1 Padang,IPS,77,71,67,0.3581395348837209,0.3302325581395349,0.3116279069767442,0,Auditori,0.22353177527025656,0.723016198728105,0.05345202600163849,1,Visual,0.723016198728105
KLS,12F.,13,SMA N 1 Padang,IPS,62,54,69,0.33513513513513515,0.2918918918918919,0.372972972972973,2,Kinestetik,0.13933046453574935,0.07844553536907234,0.7822240000951783,2,Kinestetik,0.7822240000951783
 AR,12F.,13,SMA N 1 Padang,Ips,68,67,60,0.3487179487179487,0.3435897435897436,0.3076923076923077,0,Auditori,0.5188438842300759,0.40603125014885394,0.07512486562107026,0,Auditori,0.5188438842300759
Rassya,12F.,13,SMA N 1 Padang,IPS,77,76,78,0.3333333333333333,0.329004329004329,0.33766233766233766,0,Auditori,0.7567392621866391,0.059281084157438865,0.18397965365592187,0,Auditori,0.7567392621866391
RD,12F.,13,SMA N 1 Padang,Ips,69,77,65,0.32701421800947866,0.36492890995260663,0.3080568720379147,0,Auditori,0.6665746420830444,0.2047620217555046,0.12866333616145104,0,Auditori,0.6665746420830444
MRP,12F.,13,SMA N 1 Padang,IPS,69,69,79,0.31797235023041476,0.31797235023041476,0.3640552995391705,2,Kinestetik,0.02094489613215645,0.006208216534833895,0.9728468873330096,2,Kinestetik,0.9728468873330096
A,12F.,13,SMA N 1 Padang,IPS,76,60,60,0.3877551020408163,0.30612244897959184,0.30612244897959184,1,Visual,0.12973299641881245,0.7900326300791466,0.08023437350204095,1,Visual,0.7900326300791466
ferdi,12F.,13,SMA N 1 Padang,ips,72,62,79,0.3380281690140845,0.29107981220657275,0.37089201877934275,2,Kinestetik,0.15120946871573743,0.08841379004410554,0.7603767412401571,2,Kinestetik,0.7603767412401571
WS,12F.,13,SMA N 1 Padang,IPS,74,60,71,0.36097560975609755,0.2926829268292683,0.3463414634146341,2,Kinestetik,0.28218217317561894,0.27944897371810085,0.4383688531062802,2,Kinestetik,0.4383688531062802
PAR,12F.,13,SMA N 1 Padang,ips,79,75,73,0.34801762114537443,0.3303964757709251,0.32158590308370044,0,Auditori,0.6760154761656898,0.23276775590487606,0.09121676792943413,0,Auditori,0.6760154761656898
KRK,12F.,12,SMA N 1 Padang,IPS,76,80,81,0.3206751054852321,0.33755274261603374,0.34177215189873417,0,Auditori,0.6763691156655967,0.05778732120188602,0.26584356313251734,0,Auditori,0.6763691156655967
AGF,12F.,13,SMA N 1 Padang,IPS,62,70,70,0.3069306930693069,0.3465346534653465,0.3465346534653465,0,Auditori,0.527807503675338,0.0887997682202813,0.38339272810438074,0,Auditori,0.527807503675338
AA,12F.,13,SMA N 1 Padang,IPS,72,65,83,0.32727272727272727,0.29545454545454547,0.37727272727272726,2,Kinestetik,0.11400205191586041,0.058164310436936276,0.8278336376472032,2,Kinestetik,0.8278336376472032
HMD,12F.,13,SMA N 1 Padang,ips,64,66,68,0.32323232323232326,0.3333333333333333,0.3434343434343434,0,Auditori,0.5990758928726798,0.05748418718945325,0.34343991993786693,0,Auditori,0.5990758928726798
WAG,12F.,12,SMA N 1 Padang,IPS,77,83,85,0.3142857142857143,0.33877551020408164,0.3469387755102041,0,Auditori,0.5077432018819287,0.0687288828844362,0.4235279152336351,0,Auditori,0.5077432018819287
CN,12F.,13,SMA N 1 Padang,IPS ,85,71,82,0.35714285714285715,0.29831932773109243,0.3445378151260504,2,Kinestetik,0.2963544727513819,0.2592661591251118,0.4443793681235063,2,Kinestetik,0.4443793681235063
BLV ,12F.,12,SMA N 1 Padang,ips,58,66,57,0.32044198895027626,0.36464088397790057,0.3149171270718232,0,Auditori,0.7009864699601155,0.15877221351046036,0.14024131652942418,0,Auditori,0.7009864699601155
c,12F.,12,SMA N 1 Padang,ips ,73,66,66,0.35609756097560974,0.32195121951219513,0.32195121951219513,0,Auditori,0.39229038752894724,0.48377443168438844,0.12393518078666423,1,Visual,0.48377443168438844
NR,12F.,13,SMA N 1 Padang,IPS,82,70,80,0.35344827586206895,0.3017241379310345,0.3448275862068966,2,Kinestetik,0.30198993273241004,0.22400066347132244,0.47400940379626744,2,Kinestetik,0.47400940379626744
AHIS,12F.,13,SMA N 1 Padang,IPS,71,68,67,0.3446601941747573,0.3300970873786408,0.32524271844660196,0,Auditori,0.7798388864952827,0.13435426453230317,0.08580684897241404,0,Auditori,0.7798388864952827
risky,11F.,13,SMA N 1 Padang,ips,65,79,71,0.3023255813953488,0.3674418604651163,0.3302325581395349,0,Auditori,0.6056651710938719,0.14583262221786975,0.24850220668825837,0,Auditori,0.6056651710938719
TDY,12F.,4,SMA N 1 Padang,Sosial,54,60,60,0.3103448275862069,0.3448275862068966,0.3448275862068966,0,Auditori,0.5658209228590508,0.08157235117105792,0.35260672596989123,0,Auditori,0.5658209228590508
Dilararna Fateh Maydeska,10E.,10,SMA N 1 Padang,umum,91,87,92,0.337037037037037,0.32222222222222224,0.34074074074074073,0,Auditori,0.5294403940193387,0.09435666546679942,0.37620294051386177,0,Auditori,0.5294403940193387
LBS,10E.,10,SMA N 1 Padang,Umum,68,67,83,0.3119266055045872,0.3073394495412844,0.38073394495412843,2,Kinestetik,0.10463481311215819,0.04420186422844765,0.8511633226593942,2,Kinestetik,0.8511633226593942
RMD,10E.,10,SMA N 1 Padang,Umum,74,90,69,0.31759656652360513,0.38626609442060084,0.296137339055794,0,Auditori,0.529212501848326,0.2816093603838086,0.18917813776786538,0,Auditori,0.529212501848326
RA,10E.,10,SMA Don Bosco,Umum,74,74,66,0.34579439252336447,0.34579439252336447,0.308411214953271,0,Auditori,0.6035104830183453,0.3195064952467459,0.07698302173490884,0,Auditori,0.6035104830183453
RCR,10E.,10,SMA N 1 Padang,ips,86,70,95,0.3426294820717131,0.2788844621513944,0.3784860557768924,2,Kinestetik,0.19917661420973135,0.13870763955334203,0.6621157462369265,2,Kinestetik,0.6621157462369265
HJ,10E.,10,SMA N 1 Padang,Umum,69,75,85,0.30131004366812225,0.32751091703056767,0.37117903930131,2,Kinestetik,0.18136795883363685,0.05696993712484509,0.761662104041518,2,Kinestetik,0.761662104041518
SJA,10E.,10,SMA N 1 Padang,Umum,68,60,60,0.3617021276595745,0.3191489361702128,0.3191489361702128,0,Auditori,0.2476032198164742,0.6560556701047006,0.09634111007882527,1,Visual,0.6560556701047006
MIF,10E.,10,SMA N 1 Padang,UMUM,60,80,68,0.28846153846153844,0.38461538461538464,0.3269230769230769,0,Auditori,0.5203784199821055,0.19392531560723153,0.28569626441066287,0,Auditori,0.5203784199821055
MAA,10E.,10,SMA N 1 Padang,UMUM,79,68,77,0.35267857142857145,0.30357142857142855,0.34375,2,Kinestetik,0.3138071713913352,0.22273907124505876,0.4634537573636061,2,Kinestetik,0.4634537573636061
MFFA,10E.,10,SMA N 1 Padang,Umum ,83,79,82,0.3401639344262295,0.3237704918032787,0.3360655737704918,0,Auditori,0.6539026822180585,0.11061058422866665,0.23548673355327496,0,Auditori,0.6539026822180585
KAL,10E.,10,SMA N 1 Padang,umum,67,70,78,0.3116279069767442,0.32558139534883723,0.3627906976744186,2,Kinestetik,0.11473935398240895,0.029827442911113958,0.8554332031064771,2,Kinestetik,0.8554332031064771
BAH,10E.,10,SMA N 1 Padang,Umum,73,64,85,0.32882882882882886,0.2882882882882883,0.38288288288288286,2,Kinestetik,0.15347474632287925,0.08772808461440829,0.7587971690627126,2,Kinestetik,0.7587971690627126
FYK,10E.,10,SMA N 1 Padang,Umum,58,71,62,0.3036649214659686,0.3717277486910995,0.32460732984293195,0,Auditori,0.606446870750107,0.16340113735628428,0.23015199189360872,0,Auditori,0.606446870750107
RR,10E.,10,SMA N 1 Padang,umum,75,80,94,0.30120481927710846,0.321285140562249,0.37751004016064255,2,Kinestetik,0.15706711181680322,0.05635989391921531,0.7865729942639814,2,Kinestetik,0.7865729942639814
Vania Lathifatunnisa ,10E.,10,SMA N 1 Padang,UMUM,81,80,95,0.31640625,0.3125,0.37109375,2,Kinestetik,0.04338797985065342,0.015607213998275069,0.9410048061510715,2,Kinestetik,0.9410048061510715
D A P,10E.,10,SMA N 1 Padang,umum,78,78,78,0.3333333333333333,0.3333333333333333,0.3333333333333333,0,Auditori,0.918493095648571,0.0273024992454815,0.05420440510594742,0,Auditori,0.918493095648571
VMTN,10E.,10,SMA N 1 Padang,Umum ,84,74,90,0.3387096774193548,0.29838709677419356,0.3629032258064516,2,Kinestetik,0.13346965072805478,0.06965787447882157,0.7968724747931236,2,Kinestetik,0.7968724747931236
SKB,10E.,10,SMA N 1 Padang,umum,72,82,60,0.3364485981308411,0.38317757009345793,0.2803738317757009,0,Auditori,0.4501423291366215,0.3892120303058488,0.16064564055752972,0,Auditori,0.4501423291366215
FA,10E.,10,SMA N 1 Padang,Umum,70,74,69,0.3286384976525822,0.3474178403755869,0.323943661971831,0,Auditori,0.933750694565979,0.0318732386064324,0.03437606682758861,0,Auditori,0.933750694565979
ARZ,10E.,10,SMA N 1 Padang,IPS,93,84,95,0.34191176470588236,0.3088235294117647,0.3492647058823529,2,Kinestetik,0.2380401641848835,0.10111543901974746,0.6608443967953691,2,Kinestetik,0.6608443967953691
NSP,10E.,10,SMA N 1 Padang,Umum,76,72,78,0.336283185840708,0.3185840707964602,0.34513274336283184,2,Kinestetik,0.3478172778026791,0.0820399103860482,0.5701428118112726,2,Kinestetik,0.5701428118112726
ZS,10E.,10,SMA N 1 Padang,umum,82,81,76,0.34309623430962344,0.3389121338912134,0.3179916317991632,0,Auditori,0.8228785362654986,0.12490159934441172,0.05221986439008969,0,Auditori,0.8228785362654986
(RIBKA FIDELIA ZENDRATO)(RFZ),10E.,10,SMA N 1 Padang,IPS,76,88,100,0.2878787878787879,0.3333333333333333,0.3787878787878788,2,Kinestetik,0.2580577722808718,0.09379051607367245,0.6481517116454557,2,Kinestetik,0.6481517116454557
CYA,10E.,10,SMA N 1 Padang,IPA,71,70,64,0.3463414634146341,0.34146341463414637,0.3121951219512195,0,Auditori,0.6515181403670495,0.2777957840201345,0.07068607561281604,0,Auditori,0.6515181403670495
A,10E.,10,SMA N 1 Padang,seni,67,65,69,0.3333333333333333,0.32338308457711445,0.34328358208955223,2,Kinestetik,0.467327559542286,0.07438867515008085,0.4582837653076331,0,Auditori,0.467327559542286
KRG,10E.,10,SMA N 1 Padang,umum,78,81,77,0.3305084745762712,0.3432203389830508,0.326271186440678,0,Auditori,0.981699620951681,0.008349586955660892,0.009950792092658001,0,Auditori,0.981699620951681
HAK,10E.,10,SMA N 1 Padang,Umum,74,67,70,0.35071090047393366,0.3175355450236967,0.33175355450236965,0,Auditori,0.4906593312821946,0.2714158511317043,0.23792481758610107,0,Auditori,0.4906593312821946
QL,10E.,10,SMA N 1 Padang,umum,79,72,76,0.34801762114537443,0.31718061674008813,0.33480176211453744,0,Auditori,0.4983400465852757,0.21629216807240478,0.2853677853423196,0,Auditori,0.4983400465852757
FAS,10E.,10,SMA N 1 Padang,UMUM,61,81,75,0.28110599078341014,0.37327188940092165,0.3456221198156682,0,Auditori,0.4751822533121053,0.1624978096546325,0.36231993703326226,0,Auditori,0.4751822533121053
QFA,10E.,10,SMA N 1 Padang,Umum,74,76,75,0.3288888888888889,0.3377777777777778,0.3333333333333333,0,Auditori,0.942096002485883,0.018509434465223754,0.039394563048893334,0,Auditori,0.942096002485883
Danung sidik ramdhani ,10E.,10,SMA N 1 Padang,IPA,56,57,70,0.30601092896174864,0.3114754098360656,0.3825136612021858,2,Kinestetik,0.13034528872703843,0.053432660854909615,0.816222050418052,2,Kinestetik,0.816222050418052
QDA,10E.,10,SMA N 1 Padang,umum,77,70,74,0.34841628959276016,0.3167420814479638,0.334841628959276,0,Auditori,0.48934632380402654,0.2220727861940741,0.2885808900018993,0,Auditori,0.48934632380402654
NH,10E.,10,SMA N 1 Padang,Umum,72,67,70,0.3444976076555024,0.32057416267942584,0.3349282296650718,0,Auditori,0.5767644925346369,0.16432637824727644,0.25890912921808656,0,Auditori,0.5767644925346369
APK,10E.,10,SMA N 1 Padang,Umum,68,62,55,0.3675675675675676,0.33513513513513515,0.2972972972972973,1,Visual,0.03997866124177368,0.9472234646391345,0.012797874119091677,1,Visual,0.9472234646391345
AMA,10E.,1,SMA N 1 Padang,UMUM,85,62,47,0.4381443298969072,0.31958762886597936,0.2422680412371134,1,Visual,0.24907464654225303,0.5823278757111193,0.16859747774662762,1,Visual,0.5823278757111193
FFH,10E.,1,SMA N 1 Padang,umum,78,79,81,0.3277310924369748,0.3319327731092437,0.3403361344537815,0,Auditori,0.7135766442945051,0.05302700285739484,0.23339635284810012,0,Auditori,0.7135766442945051
FAPA,10E.,1,SMA N 1 Padang,Teknik,69,64,51,0.375,0.34782608695652173,0.27717391304347827,1,Visual,0.17487131083145963,0.7561047994856036,0.06902388968293677,1,Visual,0.7561047994856036
VTA,10E.,1,SMA N 1 Padang,umum,74,78,90,0.30578512396694213,0.32231404958677684,0.371900826446281,2,Kinestetik,0.12724494493189545,0.04134841804516712,0.8314066370229375,2,Kinestetik,0.8314066370229375
CAS,10E.,1,SMA N 1 Padang,Umum,76,78,83,0.3206751054852321,0.3291139240506329,0.350210970464135,2,Kinestetik,0.2958606705895454,0.046867193987707154,0.6572721354227474,2,Kinestetik,0.6572721354227474
AFR,10E.,1,SMA N 1 Padang,umum,77,76,75,0.33771929824561403,0.3333333333333333,0.32894736842105265,0,Auditori,0.9352338680771831,0.0297087913559727,0.03505734056684431,0,Auditori,0.9352338680771831
MFA,10E.,1,SMA N 1 Padang,Teknik,81,78,82,0.3360995850622407,0.3236514522821577,0.34024896265560167,0,Auditori,0.5710839666152216,0.08762944911208828,0.3412865842726901,0,Auditori,0.5710839666152216
JKN,10E.,1,SMA N 1 Padang,Umum,78,83,86,0.3157894736842105,0.3360323886639676,0.3481781376518219,0,Auditori,0.45383380515344574,0.06329824187293444,0.48286795297361984,2,Kinestetik,0.48286795297361984
FAK,10E.,1,SMA N 1 Padang,Umum,81,73,87,0.3360995850622407,0.3029045643153527,0.36099585062240663,2,Kinestetik,0.10305787536026705,0.04713488113352784,0.8498072435062051,2,Kinestetik,0.8498072435062051
SEF,10E.,1,SMA N 1 Padang,umum,82,79,80,0.34024896265560167,0.3278008298755187,0.33195020746887965,0,Auditori,0.7920613966221743,0.08622161952699275,0.12171698385083281,0,Auditori,0.7920613966221743
CMW,10E.,1,SMA N 1 Padang,IPA & Saintek,90,92,98,0.32142857142857145,0.32857142857142857,0.35,2,Kinestetik,0.29222584555598136,0.046245982719288266,0.6615281717247304,2,Kinestetik,0.6615281717247304
WAM,10E.,1,SMA N 1 Padang,IPA,100,100,99,0.33444816053511706,0.33444816053511706,0.3311036789297659,0,Auditori,0.9553437762861681,0.01734284019056377,0.02731338352326834,0,Auditori,0.9553437762861681
GNR,10E.,1,SMA N 1 Padang,IPA TEKNIK,71,70,80,0.3212669683257919,0.3167420814479638,0.36199095022624433,2,Kinestetik,0.004643415734550859,0.0013670261722633248,0.9939895580931858,2,Kinestetik,0.9939895580931858
RRN,10E.,1,SMA N 1 Padang,Umum,69,83,74,0.3053097345132743,0.3672566371681416,0.3274336283185841,0,Auditori,0.6278997958830776,0.14588907523352654,0.22621112888339584,0,Auditori,0.6278997958830776
MLZD,10E.,1,SMA N 1 Padang,Saintek,81,79,81,0.3360995850622407,0.3278008298755187,0.3360995850622407,0,Auditori,0.7617436259033026,0.06896448641112439,0.16929188768557302,0,Auditori,0.7617436259033026
KAZ,10E.,1,SMA N 1 Padang,Umum,74,60,60,0.38144329896907214,0.30927835051546393,0.30927835051546393,1,Visual,0.11413684504902967,0.8200037449387537,0.06585941001221667,1,Visual,0.8200037449387537
MYY,10E.,1,SMA N 1 Padang,Umum,80,63,61,0.39215686274509803,0.3088235294117647,0.29901960784313725,1,Visual,0.12067206016865901,0.807228068699457,0.07209987113188399,1,Visual,0.807228068699457
MZAG,10E.,1,SMA N 1 Padang,Umum,76,83,60,0.3470319634703196,0.3789954337899543,0.273972602739726,0,Auditori,0.39690865588558294,0.4567598585615662,0.1463314855528508,1,Visual,0.4567598585615662
KAIU,10E.,1,SMA N 1 Padang,Saintek,67,57,83,0.32367149758454106,0.2753623188405797,0.40096618357487923,2,Kinestetik,0.20863623612043422,0.13436095075556048,0.6570028131240052,2,Kinestetik,0.6570028131240052
AQF,10E.,1,SMA N 1 Padang,UMUM,78,66,78,0.35135135135135137,0.2972972972972973,0.35135135135135137,2,Kinestetik,0.25326919820290555,0.1778189222367164,0.5689118795603781,2,Kinestetik,0.5689118795603781
NAR,10E.,1,SMA N 1 Padang,IPA (kedokteran),69,42,58,0.40828402366863903,0.2485207100591716,0.3431952662721893,1,Visual,0.27009993542085153,0.4092223502135551,0.32067771436559345,1,Visual,0.4092223502135551
RPK,10E.,1,SMA N 1 Padang,Umum,73,74,72,0.3333333333333333,0.3378995433789954,0.3287671232876712,0,Auditori,0.9951202778657399,0.002092356485677867,0.002787365648582046,0,Auditori,0.9951202778657399
AMG,10E.,1,SMA N 1 Padang,umum,74,78,52,0.3627450980392157,0.38235294117647056,0.2549019607843137,1,Visual,0.3364797474274982,0.5116750107640632,0.15184524180843856,1,Visual,0.5116750107640632
ZIM,10E.,1,SMA N 1 Padang,Umum ,75,61,89,0.3333333333333333,0.27111111111111114,0.39555555555555555,2,Kinestetik,0.21348112115140686,0.14724942162252866,0.6392694572260645,2,Kinestetik,0.6392694572260645
HNF,10E.,1,SMA N 1 Padang,Umum,76,71,62,0.36363636363636365,0.3397129186602871,0.2966507177033493,1,Visual,0.10689790190138393,0.8625256895196929,0.030576408578923197,1,Visual,0.8625256895196929
BPA,10E.,1,SMA N 1 Padang,IPA,71,71,68,0.3380952380952381,0.3380952380952381,0.3238095238095238,0,Auditori,0.9622505968085391,0.02119120685391784,0.016558196337543154,0,Auditori,0.9622505968085391
KMP,10E.,1,SMA N 1 Padang,IPS ,79,75,92,0.32113821138211385,0.3048780487804878,0.37398373983739835,2,Kinestetik,0.06286912032568523,0.02655563610250365,0.9105752435718112,2,Kinestetik,0.9105752435718112
SKF,10E.,1,SMA N 1 Padang,Umum,76,77,69,0.34234234234234234,0.34684684684684686,0.3108108108108108,0,Auditori,0.7081353634416758,0.21983809747438407,0.07202653908394008,0,Auditori,0.7081353634416758
RGR,10E.,1,SMA N 1 Padang,IPA,70,69,80,0.319634703196347,0.3150684931506849,0.365296803652968,2,Kinestetik,0.01093648737707968,0.0035010438008951966,0.9855624688220251,2,Kinestetik,0.9855624688220251
ASA,10E.,1,SMA N 1 Padang,IPA,88,71,61,0.4,0.32272727272727275,0.2772727272727273,1,Visual,0.14911081305032758,0.7685219857705953,0.0823672011790771,1,Visual,0.7685219857705953
DAM,10E.,1,SMA N 1 Padang,IPA,71,60,68,0.35678391959798994,0.3015075376884422,0.3417085427135678,2,Kinestetik,0.31541024392306377,0.2750817830497317,0.4095079730272046,2,Kinestetik,0.4095079730272046
DJA,10E.,1,SMA N 1 Padang,IPA,89,87,92,0.332089552238806,0.3246268656716418,0.34328358208955223,2,Kinestetik,0.4870125414477346,0.0700093063326685,0.44297815221959685,0,Auditori,0.4870125414477346
Falisha Anora Savira,10E.,1,SMA N 1 Padang,Saintek Murni,81,84,99,0.3068181818181818,0.3181818181818182,0.375,2,Kinestetik,0.1123825457929668,0.03962546455332222,0.8479919896537109,2,Kinestetik,0.8479919896537109
MYR,10E.,1,SMA N 1 Padang,Saintek,75,83,91,0.30120481927710846,0.3333333333333333,0.3654618473895582,2,Kinestetik,0.23615486620327328,0.06529251624110229,0.6985526175556245,2,Kinestetik,0.6985526175556245
SJA,10E.,1,SMA N 1 Padang,IPS,73,72,83,0.3201754385964912,0.3157894736842105,0.36403508771929827,2,Kinestetik,0.007336536970296515,0.0022736216861435365,0.9903898413435599,2,Kinestetik,0.9903898413435599
VUY,10E.,2,SMA N 1 Padang,umum,72,82,74,0.3157894736842105,0.35964912280701755,0.32456140350877194,0,Auditori,0.736638507847509,0.11236319132320093,0.15099830082929017,0,Auditori,0.736638507847509
DIH,10E.,2,SMA N 1 Padang,Belum ada,73,73,64,0.3476190476190476,0.3476190476190476,0.3047619047619048,0,Auditori,0.5131756371413219,0.40590927279137007,0.08091509006730811,0,Auditori,0.5131756371413219
KTR,10E.,2,SMA N 1 Padang,Umum,67,71,65,0.33004926108374383,0.3497536945812808,0.32019704433497537,0,Auditori,0.8942715483287792,0.05712532217192913,0.04860312949929159,0,Auditori,0.8942715483287792
Qyara Keisha Yonaldi -> QKY,10E.,2,SMA N 1 Padang,-,62,62,71,0.31794871794871793,0.31794871794871793,0.3641025641025641,2,Kinestetik,0.02102791858095985,0.006240637873490244,0.9727314435455499,2,Kinestetik,0.9727314435455499
AES,10E.,2,SMA N 1 Padang,IPA,65,74,74,0.3051643192488263,0.3474178403755869,0.3474178403755869,0,Auditori,0.5115933267931346,0.09237718370504655,0.39602948950181877,0,Auditori,0.5115933267931346
HAP,10E.,2,SMA N 1 Padang,IPA atau Teknik,91,84,89,0.3446969696969697,0.3181818181818182,0.3371212121212121,0,Auditori,0.5111019909901933,0.16700150082149065,0.32189650818831606,0,Auditori,0.5111019909901933
ZR,10E.,2,SMA N 1 Padang,IPS,69,71,68,0.3317307692307692,0.34134615384615385,0.3269230769230769,0,Auditori,0.9950267013892488,0.002251289835883735,0.0027220087748676,0,Auditori,0.9950267013892488
NAP,10E.,2,SMA N 1 Padang,"IPA, SAINTEK",67,59,63,0.3544973544973545,0.31216931216931215,0.3333333333333333,0,Auditori,0.4024623089893924,0.320199717226258,0.2773379737843497,0,Auditori,0.4024623089893924
RRZ,10E.,2,SMA N 1 Padang,IPA,74,78,74,0.3274336283185841,0.34513274336283184,0.3274336283185841,0,Auditori,0.9506319245737462,0.020800708297126935,0.02856736712912677,0,Auditori,0.9506319245737462
KAU,10E.,2,SMA N 1 Padang,umum,72,77,67,0.3333333333333333,0.35648148148148145,0.3101851851851852,0,Auditori,0.7290744440817399,0.17776563875608484,0.09315991716217531,0,Auditori,0.7290744440817399
SML,10E.,2,SMA N 1 Padang,IPA,75,57,81,0.352112676056338,0.2676056338028169,0.38028169014084506,2,Kinestetik,0.2332031012339827,0.190289686027391,0.5765072127386263,2,Kinestetik,0.5765072127386263
NR,10E.,2,SMA N 1 Padang,Umum,57,57,57,0.3333333333333333,0.3333333333333333,0.3333333333333333,0,Auditori,0.918493095648571,0.0273024992454815,0.05420440510594742,0,Auditori,0.918493095648571
ENI,10E.,2,SMA N 1 Padang,Umum,87,62,50,0.4371859296482412,0.31155778894472363,0.25125628140703515,1,Visual,0.24095184482631907,0.5931052673140615,0.16594288785961944,1,Visual,0.5931052673140615
PMD,10E.,2,SMA N 1 Padang,Umum,70,73,69,0.330188679245283,0.3443396226415094,0.32547169811320753,0,Auditori,0.9715416187581035,0.013300487523610757,0.015157893718285716,0,Auditori,0.9715416187581035
FH,10E.,2,SMA N 1 Padang,Saintek,90,90,94,0.3284671532846715,0.3284671532846715,0.34306569343065696,0,Auditori,0.5579879306213843,0.060893476595749105,0.3811185927828665,0,Auditori,0.5579879306213843
KQA,10E.,2,SMA N 1 Padang,IPS dan SENI,76,79,86,0.3153526970954357,0.3278008298755187,0.35684647302904565,2,Kinestetik,0.1598962908533132,0.03399770749792992,0.8061060016487569,2,Kinestetik,0.8061060016487569
YDVS,10E.,2,SMA N 1 Padang,IPA,84,84,79,0.340080971659919,0.340080971659919,0.31983805668016196,0,Auditori,0.9029767549789999,0.06251795040808075,0.03450529461291941,0,Auditori,0.9029767549789999
NFF,10E.,2,SMA N 1 Padang,Umum,78,81,76,0.33191489361702126,0.3446808510638298,0.32340425531914896,0,Auditori,0.9654274951425261,0.01768205475450108,0.01689045010297277,0,Auditori,0.9654274951425261
KJN,10E.,2,SMA N 1 Padang,Umum,92,79,83,0.36220472440944884,0.3110236220472441,0.32677165354330706,0,Auditori,0.3093400207297239,0.5054571098511114,0.1852028694191648,1,Visual,0.5054571098511114
NK,10E.,2,SMA N 1 Padang,Umum,70,86,58,0.32710280373831774,0.40186915887850466,0.27102803738317754,0,Auditori,0.4369673515848762,0.36826405912960125,0.19476858928552265,0,Auditori,0.4369673515848762
MAN,10E.,2,SMA N 1 Padang,Saintek,78,77,81,0.3305084745762712,0.326271186440678,0.3432203389830508,0,Auditori,0.5164718564223175,0.06542075411137246,0.4181073894663101,0,Auditori,0.5164718564223175
LJN,10E.,2,SMA N 1 Padang,Umum,70,68,81,0.319634703196347,0.3105022831050228,0.3698630136986301,2,Kinestetik,0.031192195919332828,0.01150545479635646,0.9573023492843108,2,Kinestetik,0.9573023492843108
Dara Ateefa Adachi ->DAA,10E.,2,SMA N 1 Padang,IPA,76,79,90,0.31020408163265306,0.3224489795918367,0.3673469387755102,2,Kinestetik,0.09477535969346605,0.02815661915650621,0.8770680211500277,2,Kinestetik,0.8770680211500277
MNAG,10E.,2,SMA N 1 Padang,Saintek,87,74,66,0.3832599118942731,0.32599118942731276,0.2907488986784141,1,Visual,0.05679024164743604,0.9172178487829988,0.02599190956956506,1,Visual,0.9172178487829988
ND,10E.,2,SMA N 1 Padang,umum,80,68,92,0.3333333333333333,0.2833333333333333,0.38333333333333336,2,Kinestetik,0.17466165263260733,0.10832514569759097,0.7170132016698015,2,Kinestetik,0.7170132016698015
ALA,10E.,2,SMA N 1 Padang,Umum,72,71,77,0.32727272727272727,0.32272727272727275,0.35,2,Kinestetik,0.204396776199632,0.039040785676342414,0.7565624381240256,2,Kinestetik,0.7565624381240256
MIAF,10E.,2,SMA N 1 Padang,IPA,72,79,72,0.32286995515695066,0.3542600896860987,0.32286995515695066,0,Auditori,0.8285458604680621,0.07993817048746525,0.09151596904447257,0,Auditori,0.8285458604680621
KAV,10E.,2,SMA N 1 Padang,IPA,66,69,68,0.3251231527093596,0.3399014778325123,0.33497536945812806,0,Auditori,0.8877033759843926,0.03197646631264663,0.08032015770296075,0,Auditori,0.8877033759843926
ANM,10E.,2,SMA N 1 Padang,Umum,73,78,80,0.31601731601731603,0.33766233766233766,0.3463203463203463,0,Auditori,0.5202198663962843,0.06581540954983653,0.41396472405387924,0,Auditori,0.5202198663962843
KMA,10E.,2,SMA N 1 Padang,Umum,85,73,94,0.3373015873015873,0.2896825396825397,0.373015873015873,2,Kinestetik,0.15422309842975973,0.09127627546946629,0.754500626100774,2,Kinestetik,0.754500626100774
Tar,10E.,2,SMA N 1 Padang,IPS,91,92,89,0.33455882352941174,0.3382352941176471,0.3272058823529412,0,Auditori,0.9964453182937898,0.0016618156285124488,0.0018928660776978779,0,Auditori,0.9964453182937898
RZ,11F.,1,SMA N 1 Padang,Saintek,78,55,37,0.4588235294117647,0.3235294117647059,0.21764705882352942,1,Visual,0.2751583688304075,0.5282347608015708,0.1966068703680217,1,Visual,0.5282347608015708
MA ,11F.,1,SMA N 1 Padang,teknik,60,60,60,0.3333333333333333,0.3333333333333333,0.3333333333333333,0,Auditori,0.918493095648571,0.0273024992454815,0.05420440510594742,0,Auditori,0.918493095648571
RKA,11F.,1,SMA N 1 Padang,IPA,62,59,67,0.32978723404255317,0.31382978723404253,0.35638297872340424,2,Kinestetik,0.04574631188525249,0.013966834729166417,0.9402868533855812,2,Kinestetik,0.9402868533855812
NS,11F.,1,SMA N 1 Padang,Saintek,62,60,60,0.34065934065934067,0.32967032967032966,0.32967032967032966,0,Auditori,0.8396077707638439,0.07548971025018611,0.08490251898597016,0,Auditori,0.8396077707638439
RKM,11F.,1,SMA N 1 Padang,saintek,72,61,68,0.3582089552238806,0.3034825870646766,0.3383084577114428,2,Kinestetik,0.3293023242624325,0.3161898909108679,0.3545077848266996,2,Kinestetik,0.3545077848266996
RFL,11F.,1,SMA N 1 Padang,Saintek Murni,68,66,65,0.3417085427135678,0.3316582914572864,0.32663316582914576,0,Auditori,0.8627766543079937,0.07512535114967407,0.062097994542332356,0,Auditori,0.8627766543079937
SP,11F.,1,SMA N 1 Padang,Saintek,88,70,81,0.3682008368200837,0.2928870292887029,0.3389121338912134,2,Kinestetik,0.28448899727915816,0.3821722122412181,0.3333387904796237,1,Visual,0.3821722122412181
AGAF,11F.,1,SMA N 1 Padang,Saintek,78,55,67,0.39,0.275,0.335,1,Visual,0.2589733665643447,0.45485442435835477,0.28617220907730057,1,Visual,0.45485442435835477
DDR,11F.,1,SMA N 1 Padang,IPA ,86,85,80,0.3426294820717131,0.3386454183266932,0.3187250996015936,0,Auditori,0.8424576765692702,0.10876561028544131,0.048776713145288364,0,Auditori,0.8424576765692702
AA,11F.,1,SMA N 1 Padang,Ipa,67,70,67,0.3284313725490196,0.3431372549019608,0.3284313725490196,0,Auditori,0.9692749127261079,0.012561795449649533,0.018163291824242735,0,Auditori,0.9692749127261079
NLR,11F.,1,SMA N 1 Padang,Saintek murni,69,86,50,0.33658536585365856,0.4195121951219512,0.24390243902439024,0,Auditori,0.3902580109393141,0.4021974219552557,0.20754456710543015,1,Visual,0.4021974219552557
APA,11F.,1,SMA N 1 Padang,Saintek,71,66,29,0.42771084337349397,0.39759036144578314,0.1746987951807229,1,Visual,0.31725825351377906,0.4691373276619415,0.21360441882427944,1,Visual,0.4691373276619415
REI,11F.,1,SMA N 1 Padang,Saintek,67,66,72,0.32682926829268294,0.32195121951219513,0.35121951219512193,2,Kinestetik,0.15951518514245794,0.0324721897161833,0.8080126251413589,2,Kinestetik,0.8080126251413589
DFN,11F.,1,SMA N 1 Padang,Saintek,66,68,79,0.30985915492957744,0.3192488262910798,0.37089201877934275,2,Kinestetik,0.08723530587461922,0.028553106017293536,0.8842115881080871,2,Kinestetik,0.8842115881080871
HA,11F.,1,SMA N 1 Padang,IPA,87,84,98,0.32342007434944237,0.31226765799256506,0.3643122676579926,2,Kinestetik,0.004914686470042126,0.001663034565643681,0.9934222789643141,2,Kinestetik,0.9934222789643141
RA,11F.,1,SMA N 1 Padang,Saintek murni,70,73,61,0.3431372549019608,0.35784313725490197,0.29901960784313725,0,Auditori,0.5232119721307728,0.3731461410043134,0.10364188686491381,0,Auditori,0.5232119721307728
Sabian Hamizan Rabbani -> SHR,11F.,1,SMA N 1 Padang,Saintek,83,76,100,0.3204633204633205,0.29343629343629346,0.3861003861003861,2,Kinestetik,0.1416843777438041,0.07415925034157565,0.7841563719146203,2,Kinestetik,0.7841563719146203
,11F.,1,SMA N 1 Padang,IPA,74,65,76,0.34418604651162793,0.3023255813953488,0.35348837209302325,2,Kinestetik,0.20576436600630862,0.1095721055960326,0.6846635283976588,2,Kinestetik,0.6846635283976588
FNA,11F.,1,SMA N 1 Padang,Saintek,73,77,67,0.33640552995391704,0.3548387096774194,0.3087557603686636,0,Auditori,0.706222699849583,0.2039479310300227,0.08982936912039441,0,Auditori,0.706222699849583
VPA,11F.,1,SMA N 1 Padang,IPA murni (saintek),77,61,82,0.35,0.2772727272727273,0.37272727272727274,2,Kinestetik,0.21885236925317184,0.16806475114126904,0.6130828796055591,2,Kinestetik,0.6130828796055591
AJP,11F.,1,SMA N 1 Padang,IPA,81,68,98,0.32793522267206476,0.27530364372469635,0.3967611336032389,2,Kinestetik,0.20460816117213132,0.13353277165283634,0.6618590671750324,2,Kinestetik,0.6618590671750324
KWA,11F.,1,SMA N 1 Padang,Saintek,76,68,84,0.3333333333333333,0.2982456140350877,0.3684210526315789,2,Kinestetik,0.10217210234392908,0.0507791869665262,0.8470487106895447,2,Kinestetik,0.8470487106895447
RA,11F.,1,SMA N 1 Padang,saintek,66,67,66,0.3316582914572864,0.33668341708542715,0.3316582914572864,0,Auditori,0.969568438530661,0.011019645523874948,0.0194119159454642,0,Auditori,0.969568438530661
AAH,11F.,1,SMA N 1 Padang,Ipa,71,86,77,0.3034188034188034,0.36752136752136755,0.32905982905982906,0,Auditori,0.6138113660688894,0.14633439463858858,0.2398542392925221,0,Auditori,0.6138113660688894
MF,11F.,1,SMA N 1 Padang,Saintek,75,65,67,0.36231884057971014,0.3140096618357488,0.32367149758454106,0,Auditori,0.2885369975592411,0.5653723881028677,0.14609061433789122,1,Visual,0.5653723881028677
AY,11F.,10,SMA N 1 Padang,IPS,68,72,76,0.3148148148148148,0.3333333333333333,0.35185185185185186,2,Kinestetik,0.329775776318297,0.055528785507232434,0.6146954381744705,2,Kinestetik,0.6146954381744705
DEY,11F.,10,SMA N 1 Padang,IPS,74,75,70,0.3378995433789954,0.3424657534246575,0.319634703196347,0,Auditori,0.9217085076228907,0.048666591895635956,0.029624900481473322,0,Auditori,0.9217085076228907
KTY,11F.,10,SMA N 1 Padang,ips,72,58,53,0.39344262295081966,0.31693989071038253,0.2896174863387978,1,Visual,0.10869984263020015,0.8318055110397423,0.05949464633005754,1,Visual,0.8318055110397423
Ktr,11F.,10,SMA N 1 Padang,Ips,66,61,66,0.34196891191709844,0.3160621761658031,0.34196891191709844,2,Kinestetik,0.4097802922523532,0.1296416026978397,0.4605781050498071,2,Kinestetik,0.4605781050498071
KAA,11F.,10,SMA N 1 Padang,IPS,66,66,90,0.2972972972972973,0.2972972972972973,0.40540540540540543,2,Kinestetik,0.21113832395781185,0.11207954345826188,0.6767821325839263,2,Kinestetik,0.6767821325839263
DNI,11F.,10,SMA N 1 Padang,IPS,63,74,83,0.2863636363636364,0.33636363636363636,0.37727272727272726,2,Kinestetik,0.2757267852879341,0.09880269104611439,0.6254705236659515,2,Kinestetik,0.6254705236659515
HFR,11F.,10,SMA N 1 Padang,ips,73,61,61,0.37435897435897436,0.3128205128205128,0.3128205128205128,1,Visual,0.11355678619569945,0.8272765997473193,0.059166614056981356,1,Visual,0.8272765997473193
RKH,11F.,10,SMA N 1 Padang,IPS (sosial umum),77,54,68,0.3869346733668342,0.271356783919598,0.3417085427135678,2,Kinestetik,0.2657866859267695,0.40897183885385713,0.3252414752193732,1,Visual,0.40897183885385713
TLI,11F.,10,SMA N 1 Padang,Ips,70,65,61,0.35714285714285715,0.33163265306122447,0.3112244897959184,0,Auditori,0.2510404541323965,0.6929587421948098,0.056000803672793815,1,Visual,0.6929587421948098
A D M,11F.,10,SMA N 1 Padang,IPS,63,75,70,0.30288461538461536,0.3605769230769231,0.33653846153846156,0,Auditori,0.6023397484518173,0.12351800520359707,0.27414224634458567,0,Auditori,0.6023397484518173
Nughi Vikri Ramadhan -> NVR,11F.,10,SMA N 1 Padang,IPS,68,64,84,0.3148148148148148,0.2962962962962963,0.3888888888888889,2,Kinestetik,0.14686744288324263,0.07419102994149682,0.7789415271752604,2,Kinestetik,0.7789415271752604
RSE,11F.,10,SMA N 1 Padang,soshum,82,54,46,0.45054945054945056,0.2967032967032967,0.25274725274725274,1,Visual,0.2523865257089135,0.5597925601160869,0.18782091417499958,1,Visual,0.5597925601160869
HRAR,11F.,10,SMA N 1 Padang,Sosial hukum,69,75,80,0.3080357142857143,0.33482142857142855,0.35714285714285715,2,Kinestetik,0.28263332835934274,0.0605675788046735,0.6567990928359838,2,Kinestetik,0.6567990928359838
FF,11F.,10,SMA N 1 Padang,IPS,74,74,67,0.34418604651162793,0.34418604651162793,0.3116279069767442,0,Auditori,0.6929276431419061,0.23717269022184642,0.06989966663624743,0,Auditori,0.6929276431419061
AAP,11F.,10,SMA N 1 Padang,IPS,76,71,71,0.3486238532110092,0.3256880733944954,0.3256880733944954,0,Auditori,0.6281801220235266,0.241147445933742,0.13067243204273157,0,Auditori,0.6281801220235266
Ahmad fikri->AF,11F.,10,SMA N 1 Padang,Ips,67,57,43,0.40119760479041916,0.3413173652694611,0.25748502994011974,1,Visual,0.2116963964508115,0.6746532899820149,0.11365031356717349,1,Visual,0.6746532899820149
FAA,11F.,10,SMA N 1 Padang,IPS,86,79,76,0.35684647302904565,0.3278008298755187,0.3153526970954357,0,Auditori,0.3064902005431594,0.6193576088109596,0.07415219064588102,1,Visual,0.6193576088109596
AHS,11F.,10,SMA N 1 Padang,IPS,62,76,74,0.29245283018867924,0.3584905660377358,0.3490566037735849,0,Auditori,0.4806006611290588,0.12605206745630132,0.3933472714146399,0,Auditori,0.4806006611290588
LAF,11F.,10,SMA N 1 Padang,ips,85,56,61,0.4207920792079208,0.27722772277227725,0.30198019801980197,1,Visual,0.23247870754514482,0.5719454299807697,0.19557586247408543,1,Visual,0.5719454299807697
NF,11F.,10,SMA N 1 Padang,IPS,66,70,57,0.34196891191709844,0.3626943005181347,0.29533678756476683,0,Auditori,0.5019235601902139,0.3825630057376952,0.11551343407209086,0,Auditori,0.5019235601902139
ZQA,11F.,10,SMA N 1 Padang,"IPS, Sosial",92,57,67,0.42592592592592593,0.2638888888888889,0.3101851851851852,1,Visual,0.2507916574748721,0.5169858293982268,0.23222251312690106,1,Visual,0.5169858293982268
S,11F.,10,SMA N 1 Padang,IPS,86,87,80,0.33992094861660077,0.3438735177865613,0.31620553359683795,0,Auditori,0.8450145126510901,0.10601338082810778,0.04897210652080207,0,Auditori,0.8450145126510901
PNI,11F.,10,SMA N 1 Padang,IPS,69,69,76,0.32242990654205606,0.32242990654205606,0.35514018691588783,2,Kinestetik,0.0825618772787718,0.018285541612571826,0.8991525811086564,2,Kinestetik,0.8991525811086564
INA,11F.,10,SMA N 1 Padang,ips,76,74,76,0.336283185840708,0.3274336283185841,0.336283185840708,0,Auditori,0.7493378828797747,0.07182487135912873,0.17883724576109655,0,Auditori,0.7493378828797747
VTR,11F.,10,SMA N 1 Padang,ips,73,66,71,0.3476190476190476,0.3142857142857143,0.3380952380952381,2,Kinestetik,0.43750884715322563,0.19982395753906462,0.3626671953077098,0,Auditori,0.43750884715322563
SGJ,11F.,10,SMA N 1 Padang,IPS,71,66,38,0.4057142857142857,0.37714285714285717,0.21714285714285714,1,Visual,0.29832483536705245,0.5245642250836728,0.1771109395492747,1,Visual,0.5245642250836728
OSP,11F.,10,SMA N 1 Padang,IPS,72,69,70,0.3412322274881517,0.32701421800947866,0.33175355450236965,0,Auditori,0.7666196734557925,0.10002926111636028,0.1333510654278473,0,Auditori,0.7666196734557925
BPSS,11F.,10,SMA N 1 Padang,Pelayaran ,86,77,86,0.3453815261044177,0.3092369477911647,0.3453815261044177,2,Kinestetik,0.30951157095222653,0.14529736602179208,0.5451910630259813,2,Kinestetik,0.5451910630259813
AYA,11F.,10,SMA N 1 Padang,IPS,75,82,84,0.3112033195020747,0.34024896265560167,0.34854771784232363,0,Auditori,0.4750149292523398,0.07354693413026701,0.4514381366173932,0,Auditori,0.4750149292523398
AZA,11F.,10,SMA N 1 Padang,ips,72,67,73,0.33962264150943394,0.3160377358490566,0.3443396226415094,2,Kinestetik,0.35456267444874195,0.10415467879880902,0.5412826467524491,2,Kinestetik,0.5412826467524491
HKY,11F.,10,SMA N 1 Padang,IPS,90,81,83,0.3543307086614173,0.3188976377952756,0.32677165354330706,0,Auditori,0.44514758253649206,0.37972157652914107,0.17513084093436687,0,Auditori,0.44514758253649206
RAF,10E.,6,SMA N 1 Padang,IPA,77,78,72,0.3392070484581498,0.3436123348017621,0.31718061674008813,0,Auditori,0.869921845003349,0.08657145290194086,0.04350670209471013,0,Auditori,0.869921845003349
NDI,10E.,6,SMA N 1 Padang,Teknik,87,77,83,0.3522267206477733,0.3117408906882591,0.3360323886639676,2,Kinestetik,0.4067013242828178,0.2685767468736055,0.32472192884357665,0,Auditori,0.4067013242828178
SPB,10E.,6,SMA N 1 Padang,IPS dan TEKNIK,61,72,65,0.30808080808080807,0.36363636363636365,0.3282828282828283,0,Auditori,0.6573546191979505,0.13140566092650136,0.2112397198755482,0,Auditori,0.6573546191979505
SK,11F.,4,SMA N 1 Padang,Saintek,89,96,20,0.43414634146341463,0.4682926829268293,0.0975609756097561,1,Visual,0.3365108458561366,0.4105305052383366,0.25295864890552683,1,Visual,0.4105305052383366
Lisa rahmalina aziz ,12F.,4,SMA N 1 Padang,IPA,75,63,85,0.336322869955157,0.2825112107623318,0.3811659192825112,2,Kinestetik,0.17952434746004087,0.11455910329947798,0.7059165492404811,2,Kinestetik,0.7059165492404811
KCK,10E.,6,SMA N 1 Padang,IPA,77,99,91,0.2883895131086142,0.3707865168539326,0.3408239700374532,0,Auditori,0.5096047719193371,0.15585190436841787,0.3345433237122451,0,Auditori,0.5096047719193371
SJD,10E.,6,SMA N 1 Padang,IPA,77,71,74,0.34684684684684686,0.31981981981981983,0.3333333333333333,0,Auditori,0.5566576641458805,0.20029747046647803,0.2430448653876415,0,Auditori,0.5566576641458805
GA,10E.,6,SMA N 1 Padang,IPA,82,73,74,0.35807860262008734,0.31877729257641924,0.3231441048034934,0,Auditori,0.3526238879505436,0.5096538717659831,0.13772224028347332,1,Visual,0.5096538717659831
QAP,12F.,4,SMA N 1 Padang,saintek,76,67,68,0.36018957345971564,0.3175355450236967,0.3222748815165877,0,Auditori,0.30652848996122434,0.5645591244727746,0.12891238556600104,1,Visual,0.5645591244727746
RQA,12F.,4,SMA N 1 Padang,Saintek,82,65,68,0.3813953488372093,0.3023255813953488,0.31627906976744186,1,Visual,0.1763062906759385,0.7033875430995451,0.12030616622451637,1,Visual,0.7033875430995451
RFN,12F.,4,SMA N 1 Padang,saintek,67,67,68,0.3316831683168317,0.3316831683168317,0.33663366336633666,0,Auditori,0.8308863762449378,0.04394305030675828,0.12517057344830393,0,Auditori,0.8308863762449378
MHR,12F.,4,SMA N 1 Padang,"Ipa,saintek,teknik",83,67,100,0.332,0.268,0.4,2,Kinestetik,0.2213720517734014,0.15493996446632818,0.6236879837602705,2,Kinestetik,0.6236879837602705
NAA,12F.,4,SMA N 1 Padang,IPA,73,74,79,0.3230088495575221,0.3274336283185841,0.3495575221238938,2,Kinestetik,0.28586611668077444,0.045442421666383896,0.6686914616528417,2,Kinestetik,0.6686914616528417
RFK,10E.,6,SMA N 1 Padang,Ips,72,70,73,0.33488372093023255,0.32558139534883723,0.3395348837209302,0,Auditori,0.6321162758533875,0.07803723932352472,0.28984648482308784,0,Auditori,0.6321162758533875
TA,10E.,6,SMA N 1 Padang,IPA,75,78,87,0.3125,0.325,0.3625,2,Kinestetik,0.1040882888663929,0.02698315283295103,0.868928558300656,2,Kinestetik,0.868928558300656
KS,12F.,4,SMA N 1 Padang,Saintek,76,67,56,0.38190954773869346,0.33668341708542715,0.2814070351758794,1,Visual,0.10960405605889066,0.8431614176296709,0.047234526311438416,1,Visual,0.8431614176296709
GWK,12F.,4,SMA N 1 Padang,Saintek,70,79,56,0.34146341463414637,0.3853658536585366,0.2731707317073171,0,Auditori,0.41699407067729466,0.4222521759977247,0.16075375332498062,1,Visual,0.4222521759977247
JPA,12F.,4,SMA N 1 Padang,SAINTEK,90,67,48,0.43902439024390244,0.32682926829268294,0.23414634146341465,1,Visual,0.2574493748312263,0.5698913891040256,0.17265923606474806,1,Visual,0.5698913891040256
NFF,12F.,4,SMA N 1 Padang,SAINTEK,74,69,69,0.3490566037735849,0.32547169811320753,0.32547169811320753,0,Auditori,0.6146158363831008,0.2536236469566766,0.1317605166602225,0,Auditori,0.6146158363831008
DNF,12F.,4,SMA N 1 Padang,saintek,62,76,76,0.2897196261682243,0.35514018691588783,0.35514018691588783,0,Auditori,0.43240201124707395,0.12133408286056967,0.44626390589235637,2,Kinestetik,0.44626390589235637
PAZ,12F.,4,SMA N 1 Padang,saintek,84,79,67,0.3652173913043478,0.34347826086956523,0.29130434782608694,1,Visual,0.1375674347707076,0.8200513529161211,0.042381212313171227,1,Visual,0.8200513529161211
fs,12F.,4,SMA N 1 Padang,saintek,59,67,48,0.3390804597701149,0.3850574712643678,0.27586206896551724,0,Auditori,0.42994892390367473,0.40827215729209493,0.16177891880423037,0,Auditori,0.42994892390367473
ZDF,10E.,6,SMA N 1 Padang,ipa,69,70,71,0.32857142857142857,0.3333333333333333,0.3380952380952381,0,Auditori,0.8060969446804818,0.04392084929553478,0.1499822060239834,0,Auditori,0.8060969446804818
Putri Rahayu ,10E.,6,SMA N 1 Padang,IPA,77,78,75,0.3347826086956522,0.3391304347826087,0.32608695652173914,0,Auditori,0.9959691825871757,0.001975052809000091,0.0020557646038240904,0,Auditori,0.9959691825871757
AS,10E.,6,SMA N 1 Padang,IPA,73,62,65,0.365,0.31,0.325,0,Auditori,0.27269253517997855,0.562475472206385,0.16483199261363637,1,Visual,0.562475472206385
MRA,12F.,4,SMA N 1 Padang,Saintek,75,76,73,0.33482142857142855,0.3392857142857143,0.32589285714285715,0,Auditori,0.9954776167717657,0.0022331923383751033,0.00228919088985926,0,Auditori,0.9954776167717657
AWI,12F.,4,SMA N 1 Padang,saintek,70,74,68,0.330188679245283,0.3490566037735849,0.32075471698113206,0,Auditori,0.9056354765542122,0.050441841984752364,0.043922681461035465,0,Auditori,0.9056354765542122
AK,10E.,6,SMA N 1 Padang,Ipa,68,66,69,0.33497536945812806,0.3251231527093596,0.3399014778325123,0,Auditori,0.6118305197108194,0.07974094160979746,0.30842853867938314,0,Auditori,0.6118305197108194
SRF,12F.,4,SMA N 1 Padang,Saintek,63,73,78,0.29439252336448596,0.3411214953271028,0.3644859813084112,2,Kinestetik,0.31688369296203983,0.09034686478074432,0.592769442257216,2,Kinestetik,0.592769442257216
EEL,10E.,6,SMA N 1 Padang,dll,74,60,60,0.38144329896907214,0.30927835051546393,0.30927835051546393,1,Visual,0.11413684504902967,0.8200037449387537,0.06585941001221667,1,Visual,0.8200037449387537
WKAT,10E.,6,SMA N 1 Padang,IPS,80,71,72,0.35874439461883406,0.3183856502242152,0.32286995515695066,0,Auditori,0.33740630895360524,0.5275642501153964,0.1350294409309983,1,Visual,0.5275642501153964
KH,12F.,4,SMA N 1 Padang,saintek,74,75,89,0.31092436974789917,0.31512605042016806,0.3739495798319328,2,Kinestetik,0.08086287171827854,0.028984745829212462,0.890152382452509,2,Kinestetik,0.890152382452509
tora,10E.,6,SMA N 1 Padang,ipa,60,60,60,0.3333333333333333,0.3333333333333333,0.3333333333333333,0,Auditori,0.918493095648571,0.0273024992454815,0.05420440510594742,0,Auditori,0.918493095648571
AFJ,12F.,4,SMA N 1 Padang,Saintek,69,77,59,0.33658536585365856,0.375609756097561,0.28780487804878047,0,Auditori,0.4809431953060083,0.3721126937094518,0.14694411098453974,0,Auditori,0.4809431953060083
AS,10E.,6,SMA N 1 Padang,ipa,80,75,73,0.3508771929824561,0.32894736842105265,0.3201754385964912,0,Auditori,0.5621090305388065,0.339302390593341,0.09858857886785255,0,Auditori,0.5621090305388065
RAA,10E.,6,SMA N 1 Padang,IPA,81,68,62,0.38388625592417064,0.3222748815165877,0.2938388625592417,1,Visual,0.05413072141933592,0.9200839306113258,0.02578534796933819,1,Visual,0.9200839306113258
IA,12F.,4,SMA N 1 Padang,Saintek,72,68,70,0.34285714285714286,0.3238095238095238,0.3333333333333333,0,Auditori,0.6687585579568622,0.13513791521780993,0.19610352682532795,0,Auditori,0.6687585579568622
Revi Fitria Mega -> RFM,10E.,6,SMA N 1 Padang,"belum tau, tapi mau jadi dosen ",68,63,50,0.3756906077348066,0.34806629834254144,0.27624309392265195,1,Visual,0.17780923134063276,0.7510703232444087,0.0711204454149586,1,Visual,0.7510703232444087
APU,10E.,6,SMA N 1 Padang,IPA,78,80,79,0.3291139240506329,0.33755274261603374,0.3333333333333333,0,Auditori,0.9427278279840619,0.018337466643429754,0.03893470537250842,0,Auditori,0.9427278279840619
Alyaa Luthfi Dinata -> ALD,10E.,6,SMA N 1 Padang,IPA,75,73,73,0.3393665158371041,0.33031674208144796,0.33031674208144796,0,Auditori,0.8635884934455257,0.060524813870080955,0.07588669268439334,0,Auditori,0.8635884934455257
NAM,10E.,6,SMA N 1 Padang,ips,83,84,87,0.32677165354330706,0.33070866141732286,0.3425196850393701,0,Auditori,0.6118142265435093,0.05772759969977347,0.3304581737567173,0,Auditori,0.6118142265435093
ANS,10E.,6,SMA N 1 Padang,IPA,78,80,82,0.325,0.3333333333333333,0.3416666666666667,0,Auditori,0.6716557920353654,0.05466074338892226,0.2736834645757122,0,Auditori,0.6716557920353654
KA,10E.,6,SMA N 1 Padang,ipa,76,73,67,0.35185185185185186,0.33796296296296297,0.3101851851851852,0,Auditori,0.439469398278204,0.49057064786030985,0.06995995386148618,1,Visual,0.49057064786030985
HHU,12F.,4,SMA N 1 Padang,SAINTEK,79,77,87,0.32510288065843623,0.3168724279835391,0.35802469135802467,2,Kinestetik,0.015428164419273803,0.004275947600999927,0.9802958879797262,2,Kinestetik,0.9802958879797262
Cia Desniati Samaloisa,10E.,6,SMA N 1 Padang,IPC,60,65,60,0.32432432432432434,0.35135135135135137,0.32432432432432434,0,Auditori,0.8695433175185493,0.05922847016820829,0.07122821231324246,0,Auditori,0.8695433175185493
JJ,12F.,4,SMA N 1 Padang,Saintek,76,65,71,0.3584905660377358,0.30660377358490565,0.33490566037735847,2,Kinestetik,0.3449653522729589,0.352735223854746,0.3022994238722952,1,Visual,0.352735223854746
ASP,10E.,6,SMA N 1 Padang,"Ipa, saintek",71,63,57,0.3717277486910995,0.3298429319371728,0.29842931937172773,1,Visual,0.005365610220173634,0.9926774704470541,0.001956919332772185,1,Visual,0.9926774704470541
FRF,12F.,4,SMA N 1 Padang,IPA SAINTEK,59,67,73,0.2964824120603015,0.33668341708542715,0.36683417085427134,2,Kinestetik,0.2729789217854785,0.07949641096872172,0.6475246672457997,2,Kinestetik,0.6475246672457997
AZKHAN ALQADRI PACIRIA (AAP),10E.,4,SMA N 1 Padang,IPA,81,80,72,0.34763948497854075,0.34334763948497854,0.3090128755364807,0,Auditori,0.5667656885812805,0.3584127269479841,0.07482158447073531,0,Auditori,0.5667656885812805
NK,10E.,6,SMA N 1 Padang,IPS,77,69,60,0.3737864077669903,0.33495145631067963,0.2912621359223301,1,Visual,0.049882935225522396,0.9315260080990315,0.018591056675446086,1,Visual,0.9315260080990315
AM,10E.,4,SMA N 1 Padang,Umum,77,77,94,0.31048387096774194,0.31048387096774194,0.3790322580645161,2,Kinestetik,0.10052439638278725,0.04027903258410205,0.8591965710331108,2,Kinestetik,0.8591965710331108
VOA,10E.,4,SMA N 1 Padang,Teknik,76,74,73,0.34080717488789236,0.33183856502242154,0.3273542600896861,0,Auditori,0.8799003096902825,0.06276401003136943,0.057335680278348004,0,Auditori,0.8799003096902825
HMP,12F.,4,SMA N 1 Padang,Saintek,85,71,75,0.36796536796536794,0.30735930735930733,0.3246753246753247,0,Auditori,0.251555255990272,0.5836754744779291,0.16476926953179882,1,Visual,0.5836754744779291
NN,10E.,4,SMA N 1 Padang,Umum,84,77,90,0.3346613545816733,0.30677290836653387,0.35856573705179284,2,Kinestetik,0.08638832351090792,0.03492446037397619,0.8786872161151159,2,Kinestetik,0.8786872161151159
LN,10E.,4,SMA N 1 Padang,ipa,84,81,94,0.32432432432432434,0.3127413127413127,0.36293436293436293,2,Kinestetik,0.0026164089899048055,0.0008642743835816124,0.9965193166265135,2,Kinestetik,0.9965193166265135
AS,10E.,4,SMA N 1 Padang,umum,63,62,70,0.3230769230769231,0.31794871794871793,0.358974358974359,2,Kinestetik,0.012664127311991987,0.0034465266556699616,0.9838893460323381,2,Kinestetik,0.9838893460323381
Muhammad Fathan Syafiq Alfikri->MFSA,10E.,4,SMA N 1 Padang,Umum,88,82,68,0.3697478991596639,0.3445378151260504,0.2857142857142857,1,Visual,0.1397453146447945,0.8115571737121442,0.048697511643061304,1,Visual,0.8115571737121442
 MRJ,10E.,4,SMA N 1 Padang,umum,64,72,89,0.28444444444444444,0.32,0.39555555555555555,2,Kinestetik,0.23642213534437936,0.10600769938889822,0.6575701652667224,2,Kinestetik,0.6575701652667224
NPD,10E.,4,SMA N 1 Padang,umum,78,73,68,0.3561643835616438,0.3333333333333333,0.3105022831050228,0,Auditori,0.2785036120696917,0.6635794149659545,0.05791697296435382,1,Visual,0.6635794149659545
Lintang Sabda Alam,10E.,4,SMA N 1 Padang,Ipa,72,80,69,0.3257918552036199,0.36199095022624433,0.31221719457013575,0,Auditori,0.7156230151166557,0.16540717946778952,0.11896980541555484,0,Auditori,0.7156230151166557
Setiami,10E.,4,SMA N 1 Padang,Ipa,80,88,88,0.3125,0.34375,0.34375,0,Auditori,0.5949738310280024,0.07670433392992537,0.32832183504207235,0,Auditori,0.5949738310280024
,10E.,4,SMA N 1 Padang,IPA,68,78,62,0.3269230769230769,0.375,0.2980769230769231,0,Auditori,0.560759583761081,0.28354023767312553,0.15570017856579343,0,Auditori,0.560759583761081
DSGR,10E.,4,SMA N 1 Padang,Umum,76,83,87,0.3089430894308943,0.33739837398373984,0.35365853658536583,2,Kinestetik,0.3558968236007085,0.06772509886996156,0.5763780775293298,2,Kinestetik,0.5763780775293298
AEP,10E.,4,SMA N 1 Padang,Umum,76,79,79,0.3247863247863248,0.33760683760683763,0.33760683760683763,0,Auditori,0.826027487998953,0.04132566009764686,0.13264685190340025,0,Auditori,0.826027487998953
FR,10E.,4,SMA N 1 Padang,UMUM,77,62,63,0.3811881188118812,0.3069306930693069,0.3118811881188119,1,Visual,0.13670570716256875,0.780026227317299,0.08326806552013227,1,Visual,0.780026227317299
muhammad randikal pratama,10E.,4,SMA N 1 Padang,ips,77,61,60,0.3888888888888889,0.30808080808080807,0.30303030303030304,1,Visual,0.11833003132264283,0.810819944714016,0.0708500239633413,1,Visual,0.810819944714016
NI,10E.,4,SMA N 1 Padang,umum,75,68,66,0.3588516746411483,0.3253588516746411,0.3157894736842105,0,Auditori,0.25599352456105007,0.67169195262166,0.07231452281728978,1,Visual,0.67169195262166
KPR,10E.,4,SMA N 1 Padang,umum,75,81,92,0.3024193548387097,0.32661290322580644,0.3709677419354839,2,Kinestetik,0.17000289331650134,0.05325861160184764,0.776738495081651,2,Kinestetik,0.776738495081651
ARO,10E.,6,SMA N 1 Padang,ipa,61,73,94,0.2675438596491228,0.3201754385964912,0.41228070175438597,2,Kinestetik,0.27679702664809164,0.1420295750922888,0.5811733982596196,2,Kinestetik,0.5811733982596196
PAD,10E.,4,SMA N 1 Padang,umum,79,73,78,0.34347826086956523,0.3173913043478261,0.3391304347826087,2,Kinestetik,0.475520181356556,0.15047017744071464,0.3740096412027294,0,Auditori,0.475520181356556
Haziq,10E.,6,SMA N 1 Padang,IPA,66,64,60,0.3473684210526316,0.3368421052631579,0.3157894736842105,0,Auditori,0.6701714253240497,0.2586141217716614,0.07121445290428882,0,Auditori,0.6701714253240497
RZZ,10E.,4,SMA N 1 Padang,Umum,79,72,72,0.3542600896860987,0.32286995515695066,0.32286995515695066,0,Auditori,0.4484898909127823,0.42137148330678587,0.13013862578043167,0,Auditori,0.4484898909127823
TAF,10E.,4,SMA N 1 Padang,umum,84,65,81,0.3652173913043478,0.2826086956521739,0.3521739130434783,2,Kinestetik,0.2667949222410761,0.27999015162158813,0.45321492613733577,2,Kinestetik,0.45321492613733577
tm,10E.,4,SMA N 1 Padang,umun,80,80,79,0.33472803347280333,0.33472803347280333,0.3305439330543933,0,Auditori,0.9618715994633673,0.015324842773684497,0.022803557762948134,0,Auditori,0.9618715994633673
ZA,10E.,6,SMA N 1 Padang,IPA,68,73,63,0.3333333333333333,0.35784313725490197,0.3088235294117647,0,Auditori,0.7049224794291988,0.19568909374084825,0.09938842682995283,0,Auditori,0.7049224794291988
ZAJ,10E.,6,SMA N 1 Padang,Ipa,77,71,72,0.35,0.32272727272727275,0.32727272727272727,0,Auditori,0.5649649227948128,0.2739344936022193,0.16110058360296794,0,Auditori,0.5649649227948128
L W R,10E.,6,SMA N 1 Padang,ipa,81,86,95,0.30916030534351147,0.3282442748091603,0.36259541984732824,2,Kinestetik,0.15864914771403227,0.040415122800610416,0.8009357294853573,2,Kinestetik,0.8009357294853573
> ZHN,10E.,4,SMA N 1 Padang,Umum,64,69,61,0.32989690721649484,0.3556701030927835,0.31443298969072164,0,Auditori,0.7867984768669575,0.1271625703789083,0.08603895275413427,0,Auditori,0.7867984768669575
SZO,10E.,4,SMA N 1 Padang,Umum,76,78,77,0.329004329004329,0.33766233766233766,0.3333333333333333,0,Auditori,0.9424420641367319,0.01841410357867955,0.03914383228458839,0,Auditori,0.9424420641367319
ZQA,10E.,6,SMA N 1 Padang,IPA,86,78,77,0.35684647302904565,0.3236514522821577,0.31950207468879666,0,Auditori,0.3528701567270835,0.544815319242386,0.10231452403053048,1,Visual,0.544815319242386
AKR,10E.,4,SMA N 1 Padang,umum,64,67,76,0.30917874396135264,0.32367149758454106,0.3671497584541063,2,Kinestetik,0.1095718909545649,0.03209356910611164,0.8583345399393234,2,Kinestetik,0.8583345399393234
CD,12F.,4,SMA N 1 Padang,saintek,76,75,76,0.33480176211453744,0.3303964757709251,0.33480176211453744,0,Auditori,0.8440804682818197,0.048429156654681366,0.10749037506349891,0,Auditori,0.8440804682818197
KVA,10E.,4,SMA N 1 Padang,Umum,63,65,69,0.3197969543147208,0.3299492385786802,0.350253807106599,2,Kinestetik,0.3095865952570026,0.048586533578328976,0.6418268711646684,2,Kinestetik,0.6418268711646684
ZNSH,10E.,4,SMA N 1 Padang,umum,80,74,66,0.36363636363636365,0.33636363636363636,0.3,1,Visual,0.07599314963584577,0.902489211083247,0.021517639280907174,1,Visual,0.902489211083247
QAN,10E.,6,SMA N 1 Padang,IPA,80,77,81,0.33613445378151263,0.3235294117647059,0.3403361344537815,0,Auditori,0.5661774209286656,0.0879987114521911,0.3458238676191433,0,Auditori,0.5661774209286656
Fathul Adib Al Ahsan -> FAAA,10E.,4,SMA N 1 Padang,UMUM,64,63,77,0.3137254901960784,0.3088235294117647,0.37745098039215685,2,Kinestetik,0.08383126775472179,0.033851714271771645,0.8823170179735066,2,Kinestetik,0.8823170179735066
S,10E.,4,SMA N 1 Padang,Ipa,100,100,100,0.3333333333333333,0.3333333333333333,0.3333333333333333,0,Auditori,0.918493095648571,0.0273024992454815,0.05420440510594742,0,Auditori,0.918493095648571
TNL,12F.,4,SMA N 1 Padang,saintek,71,86,73,0.30869565217391304,0.3739130434782609,0.3173913043478261,0,Auditori,0.6157436751267266,0.18191358648505004,0.2023427383882233,0,Auditori,0.6157436751267266
Siti Afrin Danisya = SAD,10E.,4,SMA N 1 Padang,Umum,77,78,67,0.34684684684684686,0.35135135135135137,0.30180180180180183,0,Auditori,0.4985170830587816,0.4134357605467569,0.08804715639446158,0,Auditori,0.4985170830587816
SAT,12F.,4,SMA N 1 Padang,Saintek,85,85,78,0.34274193548387094,0.34274193548387094,0.31451612903225806,0,Auditori,0.7743297771085855,0.16574856741260507,0.05992165547880947,0,Auditori,0.7743297771085855
AFS,11F.,12,SMA N 1 Padang,IPS,63,64,89,0.2916666666666667,0.2962962962962963,0.41203703703703703,2,Kinestetik,0.22971812659448493,0.126050767850362,0.6442311055551531,2,Kinestetik,0.6442311055551531
ARY,11F.,12,SMA N 1 Padang,Ips,78,90,100,0.291044776119403,0.3358208955223881,0.373134328358209,2,Kinestetik,0.26731625104722934,0.08875048029576989,0.6439332686570008,2,Kinestetik,0.6439332686570008
Hnf,11F.,12,SMA N 1 Padang,ips,82,75,76,0.351931330472103,0.3218884120171674,0.3261802575107296,0,Auditori,0.5135358434174128,0.32808716381812864,0.15837699276445852,0,Auditori,0.5135358434174128
merlin,11F.,12,SMA N 1 Padang,IPS,65,63,62,0.34210526315789475,0.33157894736842103,0.3263157894736842,0,Auditori,0.8544415483663456,0.08128860178735524,0.06426984984629927,0,Auditori,0.8544415483663456
GHF,11F.,12,SMA N 1 Padang,Ips Murni,57,51,52,0.35625,0.31875,0.325,0,Auditori,0.4002858776023358,0.4425847848115603,0.1571293375861039,1,Visual,0.4425847848115603
RFN,11F.,12,SMA N 1 Padang,IPS,67,71,72,0.319047619047619,0.3380952380952381,0.34285714285714286,0,Auditori,0.6363529734927817,0.06144488305534238,0.30220214345187596,0,Auditori,0.6363529734927817
Arl,11F.,12,SMA N 1 Padang,ips,67,61,70,0.3383838383838384,0.30808080808080807,0.35353535353535354,2,Kinestetik,0.15616845637350346,0.063179599601125,0.7806519440253716,2,Kinestetik,0.7806519440253716
N,11F.,12,SMA N 1 Padang,IPS,70,80,76,0.30973451327433627,0.35398230088495575,0.336283185840708,0,Auditori,0.6682293862722054,0.09756934180189862,0.23420127192589604,0,Auditori,0.6682293862722054
AZA,11F.,12,SMA N 1 Padang,IPS,77,62,58,0.39086294416243655,0.3147208121827411,0.29441624365482233,1,Visual,0.09851236854426831,0.8472739634551222,0.054213668000609457,1,Visual,0.8472739634551222
muhammad rafinno,11F.,12,SMA N 1 Padang,ips,80,80,80,0.3333333333333333,0.3333333333333333,0.3333333333333333,0,Auditori,0.918493095648571,0.0273024992454815,0.05420440510594742,0,Auditori,0.918493095648571
SPD,11F.,12,SMA N 1 Padang,IPS,69,70,71,0.32857142857142857,0.3333333333333333,0.3380952380952381,0,Auditori,0.8060969446804818,0.04392084929553478,0.1499822060239834,0,Auditori,0.8060969446804818
KAO,12F.,12,SMA N 1 Padang,ips,66,65,62,0.34196891191709844,0.33678756476683935,0.32124352331606215,0,Auditori,0.8789822762583226,0.07835533344724385,0.04266239029443351,0,Auditori,0.8789822762583226
MAP,11F.,12,SMA N 1 Padang,ips,78,60,93,0.33766233766233766,0.2597402597402597,0.4025974025974026,2,Kinestetik,0.23637319832800055,0.17788909195907748,0.585737709712922,2,Kinestetik,0.585737709712922
H R P,12F.,12,SMA N 1 Padang,Ips,60,60,80,0.3,0.3,0.4,2,Kinestetik,0.19535122883207467,0.0993450227414405,0.7053037484264848,2,Kinestetik,0.7053037484264848
CVP,11F.,12,SMA N 1 Padang,IPS (sosial),80,71,71,0.36036036036036034,0.31981981981981983,0.31981981981981983,0,Auditori,0.2776506645247883,0.6189555800510036,0.10339375542420803,1,Visual,0.6189555800510036
VCN,11F.,12,SMA N 1 Padang,IPS,84,74,64,0.3783783783783784,0.3333333333333333,0.2882882882882883,1,Visual,0.06260593528473213,0.9118063096963113,0.025587755018956562,1,Visual,0.9118063096963113
QDY,11F.,12,SMA N 1 Padang,Ips,66,90,93,0.26506024096385544,0.3614457831325301,0.37349397590361444,2,Kinestetik,0.37337422118006974,0.15295452783469976,0.4736712509852305,2,Kinestetik,0.4736712509852305
TPH,11F.,12,SMA N 1 Padang,ips,66,76,93,0.28085106382978725,0.32340425531914896,0.39574468085106385,2,Kinestetik,0.25050007870272434,0.1120718431389995,0.6374280781582763,2,Kinestetik,0.6374280781582763
AAH,11F.,12,SMA N 1 Padang,IPS ,72,64,71,0.34782608695652173,0.30917874396135264,0.34299516908212563,2,Kinestetik,0.34268813834431444,0.17913899865727692,0.47817286299840867,2,Kinestetik,0.47817286299840867
AH,11F.,12,SMA N 1 Padang,IPS,70,57,64,0.36649214659685864,0.29842931937172773,0.33507853403141363,2,Kinestetik,0.2924504609387287,0.41408601968700604,0.29346351937426524,1,Visual,0.41408601968700604
MFYP,11F.,12,SMA N 1 Padang,IPS,62,68,77,0.2995169082125604,0.3285024154589372,0.3719806763285024,2,Kinestetik,0.1958906699770636,0.062488810024043086,0.7416205199988933,2,Kinestetik,0.7416205199988933
A,11F.,12,SMA N 1 Padang,IPS,65,69,69,0.32019704433497537,0.3399014778325123,0.3399014778325123,0,Auditori,0.7326752122007125,0.05604898865389158,0.21127579914539601,0,Auditori,0.7326752122007125
HF,11F.,12,SMA N 1 Padang,IPS,66,68,65,0.3316582914572864,0.3417085427135678,0.32663316582914576,0,Auditori,0.9933456235482608,0.003042935041233238,0.0036114414105060514,0,Auditori,0.9933456235482608
JMY,11F.,12,SMA N 1 Padang,IPS,73,93,100,0.2744360902255639,0.34962406015037595,0.37593984962406013,2,Kinestetik,0.34061564341046124,0.13008570766302194,0.5292986489265168,2,Kinestetik,0.5292986489265168
SIR,11F.,12,SMA N 1 Padang,IPS,69,64,70,0.3399014778325123,0.31527093596059114,0.3448275862068966,2,Kinestetik,0.33778227661769494,0.10415773215879078,0.5580599912235141,2,Kinestetik,0.5580599912235141
MMM,11F.,12,SMA N 1 Padang,IPS,82,80,79,0.34024896265560167,0.33195020746887965,0.3278008298755187,0,Auditori,0.8892254301246338,0.05619733883739126,0.05457723103797501,0,Auditori,0.8892254301246338
KF,11F.,2,SMA N 1 Padang,Ipa,92,75,78,0.37551020408163266,0.30612244897959184,0.3183673469387755,1,Visual,0.18110694146797987,0.7037382237039062,0.11515483482811388,1,Visual,0.7037382237039062
FAI,11F.,2,SMA N 1 Padang,"Saintek,Teknik",100,73,73,0.4065040650406504,0.2967479674796748,0.2967479674796748,1,Visual,0.18439299312823065,0.6850423405321212,0.1305646663396482,1,Visual,0.6850423405321212
FALA,11F.,2,SMA N 1 Padang,IPA,97,92,91,0.3464285714285714,0.32857142857142857,0.325,0,Auditori,0.7169017638175625,0.18020651574786284,0.10289172043457463,0,Auditori,0.7169017638175625
RZH,11F.,2,SMA N 1 Padang,Saintek ,88,72,99,0.33976833976833976,0.277992277992278,0.38223938223938225,2,Kinestetik,0.19720435014748214,0.13469685698204098,0.668098792870477,2,Kinestetik,0.668098792870477
RPC,11F.,2,SMA N 1 Padang,IPA,73,68,75,0.33796296296296297,0.3148148148148148,0.3472222222222222,2,Kinestetik,0.2712078082209969,0.08212475997656717,0.6466674318024359,2,Kinestetik,0.6466674318024359
QS,11F.,2,SMA N 1 Padang,IPA ,71,65,76,0.33490566037735847,0.30660377358490565,0.3584905660377358,2,Kinestetik,0.08938302999629309,0.03640162963659113,0.8742153403671159,2,Kinestetik,0.8742153403671159
KHN,11F.,2,SMA N 1 Padang,IPA,79,70,58,0.38164251207729466,0.33816425120772947,0.28019323671497587,1,Visual,0.11925374551107001,0.8295765772411515,0.05116967724777847,1,Visual,0.8295765772411515
ADK,11F.,2,SMA N 1 Padang,IPA,68,61,73,0.33663366336633666,0.30198019801980197,0.3613861386138614,2,Kinestetik,0.10949577504313952,0.051534388614109916,0.8389698363427506,2,Kinestetik,0.8389698363427506
ZJA,11F.,2,SMA N 1 Padang,Saintek ,73,73,90,0.3093220338983051,0.3093220338983051,0.3813559322033898,2,Kinestetik,0.114036245768085,0.047280777737154625,0.8386829764947604,2,Kinestetik,0.8386829764947604
RPA,11F.,2,SMA N 1 Padang,SAINTEK,88,73,89,0.352,0.292,0.356,2,Kinestetik,0.23532586628025257,0.17412631417161753,0.59054781954813,2,Kinestetik,0.59054781954813
LM,11F.,2,SMA N 1 Padang,IPA,83,78,74,0.35319148936170214,0.33191489361702126,0.3148936170212766,0,Auditori,0.4334174856058703,0.48877043482896004,0.07781207956516958,1,Visual,0.48877043482896004
SW (SHANI WALMITA),11F.,2,SMA N 1 Padang,SAINTEK MURNI,65,62,68,0.3333333333333333,0.31794871794871793,0.3487179487179487,2,Kinestetik,0.22415200323009454,0.05446197318203507,0.7213860235878704,2,Kinestetik,0.7213860235878704
Shelvy Febrina Yetif,11F.,2,SMA N 1 Padang,saintek,58,59,61,0.3258426966292135,0.33146067415730335,0.34269662921348315,0,Auditori,0.6129138029092578,0.057136966472311215,0.32994923061843096,0,Auditori,0.6129138029092578
ZCS,11F.,2,SMA N 1 Padang,Saintek,79,80,81,0.32916666666666666,0.3333333333333333,0.3375,0,Auditori,0.825118208201927,0.041677150607134866,0.1332046411909381,0,Auditori,0.825118208201927
N,11F.,2,SMA N 1 Padang,Ipa,74,69,51,0.38144329896907214,0.3556701030927835,0.26288659793814434,1,Visual,0.23203931118085375,0.6629382989570404,0.10502238986210594,1,Visual,0.6629382989570404
FAZ,11F.,2,SMA N 1 Padang,Saintek,88,63,67,0.4036697247706422,0.2889908256880734,0.3073394495412844,1,Visual,0.20479020178012086,0.6345877482920027,0.16062204992787651,1,Visual,0.6345877482920027
AHA,11F.,2,SMA N 1 Padang,saintek,69,61,62,0.359375,0.3177083333333333,0.3229166666666667,0,Auditori,0.3259689692136427,0.5382209963008242,0.135810034485533,1,Visual,0.5382209963008242
EAR,11F.,2,SMA N 1 Padang,IPA,67,77,74,0.3073394495412844,0.3532110091743119,0.3394495412844037,0,Auditori,0.6227699244068094,0.10003687248628008,0.2771932031069104,0,Auditori,0.6227699244068094
SA,11F.,2,SMA N 1 Padang,IPA,70,75,42,0.37433155080213903,0.40106951871657753,0.22459893048128343,1,Visual,0.3362835306869296,0.4775873926256225,0.18612907668744783,1,Visual,0.4775873926256225
MF,11F.,2,SMA N 1 Padang,saintek,65,72,69,0.3155339805825243,0.34951456310679613,0.33495145631067963,0,Auditori,0.750470989843074,0.0740976925156657,0.17543131764126035,0,Auditori,0.750470989843074
BMR,11F.,2,SMA N 1 Padang,IPA,66,65,65,0.336734693877551,0.33163265306122447,0.33163265306122447,0,Auditori,0.8999262224053227,0.039275432914914185,0.060798344679763125,0,Auditori,0.8999262224053227
HF,11F.,2,SMA N 1 Padang,IPA,74,73,72,0.3378995433789954,0.3333333333333333,0.3287671232876712,0,Auditori,0.9341733453835771,0.030551661619706592,0.03527499299671618,0,Auditori,0.9341733453835771
HEHH,11F.,2,SMA N 1 Padang,IPA ,93,87,81,0.3563218390804598,0.3333333333333333,0.3103448275862069,0,Auditori,0.27165064245245896,0.6713918096315481,0.056957547915992855,1,Visual,0.6713918096315481
IK,11F.,2,SMA N 1 Padang,IPA,84,70,71,0.37333333333333335,0.3111111111111111,0.31555555555555553,1,Visual,0.14517446387729196,0.7753085018045066,0.07951703431820135,1,Visual,0.7753085018045066
RK,11F.,2,SMA N 1 Padang,IPA,78,70,68,0.3611111111111111,0.32407407407407407,0.3148148148148148,0,Auditori,0.19393624526328773,0.745198295127125,0.06086545960958735,1,Visual,0.745198295127125
MSN,11F.,2,SMA N 1 Padang,sainstek,80,77,73,0.34782608695652173,0.3347826086956522,0.3173913043478261,0,Auditori,0.6692928225711199,0.2558703831839357,0.0748367942449445,0,Auditori,0.6692928225711199
NAH,11F.,2,SMA N 1 Padang,IPA,70,64,78,0.330188679245283,0.3018867924528302,0.36792452830188677,2,Kinestetik,0.07123390631580723,0.03215454343920377,0.896611550244989,2,Kinestetik,0.896611550244989
ATH,11F.,2,SMA N 1 Padang,IPA,81,79,76,0.3432203389830508,0.3347457627118644,0.3220338983050847,0,Auditori,0.846957353316821,0.09958120703064545,0.05346143965253354,0,Auditori,0.846957353316821
MRH,11F.,2,SMA N 1 Padang,Saintek,71,72,79,0.31981981981981983,0.32432432432432434,0.35585585585585583,2,Kinestetik,0.10280646709775661,0.022227061345592176,0.8749664715566512,2,Kinestetik,0.8749664715566512
JEJ,11F.,11,SMA N 1 Padang,IPA,76,72,69,0.35023041474654376,0.3317972350230415,0.31797235023041476,0,Auditori,0.5784381741336859,0.33600354420293777,0.08555828166337633,0,Auditori,0.5784381741336859
GSL,11F.,2,SMA N 1 Padang,IPA,68,65,68,0.3383084577114428,0.32338308457711445,0.3383084577114428,0,Auditori,0.6106613019437184,0.09992381538350625,0.2894148826727755,0,Auditori,0.6106613019437184
MKS,11F.,2,SMA N 1 Padang,IPA,62,66,66,0.31958762886597936,0.3402061855670103,0.3402061855670103,0,Auditori,0.720242976234397,0.05790726835002112,0.22184975541558177,0,Auditori,0.720242976234397
SA,11F.,2,SMA N 1 Padang,IPA,68,63,64,0.3487179487179487,0.3230769230769231,0.3282051282051282,0,Auditori,0.5950674736271367,0.24058780789798595,0.16434471847487728,0,Auditori,0.5950674736271367
BL,11F.,2,SMA N 1 Padang,IPA,68,65,79,0.32075471698113206,0.30660377358490565,0.37264150943396224,2,Kinestetik,0.05183639605074569,0.021042133322192628,0.9271214706270617,2,Kinestetik,0.9271214706270617
MDH,11F.,2,SMA N 1 Padang,Saintek,79,67,59,0.3853658536585366,0.32682926829268294,0.28780487804878047,1,Visual,0.07446426069408824,0.8907134437255326,0.034822295580379,1,Visual,0.8907134437255326
VAK,11F.,2,SMA N 1 Padang,Saintek,65,68,74,0.3140096618357488,0.3285024154589372,0.357487922705314,2,Kinestetik,0.16970666966382641,0.03671593924578018,0.7935773910903935,2,Kinestetik,0.7935773910903935
RSR,12F.,7,SMA N 1 Padang,IPA,100,96,87,0.35335689045936397,0.3392226148409894,0.30742049469964666,0,Auditori,0.3616189785074949,0.5737328847095373,0.06464813678296774,1,Visual,0.5737328847095373
STS,12F.,7,SMA N 1 Padang,IPA,68,68,60,0.3469387755102041,0.3469387755102041,0.30612244897959184,0,Auditori,0.5449893342096108,0.37516551316045843,0.07984515262993083,0,Auditori,0.5449893342096108
FM,12F.,7,SMA N 1 Padang,saintex ,75,81,85,0.3112033195020747,0.3360995850622407,0.35269709543568467,2,Kinestetik,0.35445762072531756,0.0635209858136528,0.5820213934610297,2,Kinestetik,0.5820213934610297
ARA,12F.,7,SMA N 1 Padang,Saintek,70,62,61,0.3626943005181347,0.32124352331606215,0.3160621761658031,0,Auditori,0.1888506383554554,0.7432463827277903,0.06790297891675443,1,Visual,0.7432463827277903
Zyp,12F.,7,SMA N 1 Padang,Saintek,71,72,77,0.32272727272727275,0.32727272727272727,0.35,2,Kinestetik,0.2693920624665168,0.0438662844924916,0.6867416530409917,2,Kinestetik,0.6867416530409917
KTR,12F.,7,SMA N 1 Padang,Saintek,67,73,61,0.3333333333333333,0.36318407960199006,0.3034825870646766,0,Auditori,0.6237853183197237,0.2568088090857533,0.11940587259452293,0,Auditori,0.6237853183197237
NJ,12F.,7,SMA N 1 Padang,IT,79,81,83,0.32510288065843623,0.3333333333333333,0.34156378600823045,0,Auditori,0.6758458781871265,0.054441317096827646,0.26971280471604575,0,Auditori,0.6758458781871265
AFP,12F.,7,SMA N 1 Padang,Saintek,91,69,67,0.4008810572687225,0.3039647577092511,0.29515418502202645,1,Visual,0.1566690481955236,0.7415912993040011,0.10173965250047524,1,Visual,0.7415912993040011
AH,12F.,7,SMA N 1 Padang,ipa,96,100,100,0.32432432432432434,0.33783783783783783,0.33783783783783783,0,Auditori,0.8170868369254609,0.042812383905858606,0.14010077916868055,0,Auditori,0.8170868369254609
RA,12F.,7,SMA N 1 Padang,Teknik,67,72,92,0.29004329004329005,0.3116883116883117,0.39826839826839827,2,Kinestetik,0.216162051563588,0.10169942667690461,0.6821385217595073,2,Kinestetik,0.6821385217595073
RAA,12F.,7,SMA N 1 Padang,SAINTEK,70,62,70,0.3465346534653465,0.3069306930693069,0.3465346534653465,2,Kinestetik,0.2902570729430334,0.15072554075536032,0.5590173863016062,2,Kinestetik,0.5590173863016062
CKI,12F.,7,SMA N 1 Padang,saintek,76,77,79,0.3275862068965517,0.33189655172413796,0.34051724137931033,0,Auditori,0.7062001743932459,0.05347580970736661,0.24032401589938746,0,Auditori,0.7062001743932459
SRT,11F.,7,SMA N 1 Padang,Saintek,46,64,55,0.2787878787878788,0.3878787878787879,0.3333333333333333,0,Auditori,0.48679763765869555,0.1955402284153838,0.3176621339259206,0,Auditori,0.48679763765869555
I,12F.,7,SMA N 1 Padang,IpA,67,65,53,0.3621621621621622,0.35135135135135137,0.2864864864864865,1,Visual,0.23025383721759846,0.6986089116404791,0.07113725114192249,1,Visual,0.6986089116404791
NZ,12F.,7,SMA N 1 Padang,Saintek,86,87,89,0.3282442748091603,0.3320610687022901,0.33969465648854963,0,Auditori,0.7390752335798305,0.05127458773908581,0.20965017868108357,0,Auditori,0.7390752335798305
MZDG,12F.,7,SMA N 1 Padang,ipa,78,88,91,0.3035019455252918,0.3424124513618677,0.3540856031128405,2,Kinestetik,0.3969179061393216,0.08344183043961938,0.519640263421059,2,Kinestetik,0.519640263421059
RA,12F.,7,SMA N 1 Padang,saintek,84,80,73,0.35443037974683544,0.33755274261603374,0.3080168776371308,0,Auditori,0.3256542953125788,0.6132457109096207,0.061099993777800565,1,Visual,0.6132457109096207
ZIS,12F.,7,SMA N 1 Padang,saintek,73,74,79,0.3230088495575221,0.3274336283185841,0.3495575221238938,2,Kinestetik,0.28586611668077444,0.045442421666383896,0.6686914616528417,2,Kinestetik,0.6686914616528417
AR,12F.,7,SMA N 1 Padang,IpA,40,100,61,0.19900497512437812,0.4975124378109453,0.3034825870646766,0,Auditori,0.3885302247824521,0.2882850815563425,0.32318469366120545,0,Auditori,0.3885302247824521
SAL,12F.,7,SMA N 1 Padang,saintek,81,63,83,0.3568281938325991,0.2775330396475771,0.3656387665198238,2,Kinestetik,0.23842101359792314,0.20392474120925622,0.5576542451928206,2,Kinestetik,0.5576542451928206
HA,12F.,7,SMA N 1 Padang,Saintek,65,60,66,0.3403141361256545,0.31413612565445026,0.34554973821989526,2,Kinestetik,0.31539829811392633,0.10406391500848927,0.5805377868775844,2,Kinestetik,0.5805377868775844
MA,12F.,7,SMA N 1 Padang,Ipa,72,94,100,0.2706766917293233,0.3533834586466165,0.37593984962406013,2,Kinestetik,0.3520419557443321,0.13858153129640752,0.5093765129592603,2,Kinestetik,0.5093765129592603
AM,12F.,7,SMA N 1 Padang,Saintek,78,73,97,0.31451612903225806,0.29435483870967744,0.3911290322580645,2,Kinestetik,0.15736155594979956,0.08180003921842444,0.760838404831776,2,Kinestetik,0.760838404831776
ar,12F.,7,SMA N 1 Padang,saintek,86,87,92,0.32452830188679244,0.3283018867924528,0.3471698113207547,2,Kinestetik,0.38482773473808607,0.053095765818320456,0.5620764994435934,2,Kinestetik,0.5620764994435934
AZH,12F.,7,SMA N 1 Padang,IPA,74,60,74,0.3557692307692308,0.28846153846153844,0.3557692307692308,2,Kinestetik,0.24753001002112968,0.2046964734106999,0.5477735165681704,2,Kinestetik,0.5477735165681704
SSW,12F.,7,SMA N 1 Padang,IPA,78,59,66,0.3842364532019704,0.29064039408866993,0.3251231527093596,1,Visual,0.23397399917435882,0.5586986509764671,0.20732734984917406,1,Visual,0.5586986509764671
Raziq Ahmad R,12F.,7,SMA N 1 Padang,Saintek,58,60,60,0.3258426966292135,0.33707865168539325,0.33707865168539325,0,Auditori,0.8455844730070071,0.038006547631828376,0.11640897936116457,0,Auditori,0.8455844730070071
,12F.,7,SMA N 1 Padang,saintek,88,60,60,0.4230769230769231,0.28846153846153844,0.28846153846153844,1,Visual,0.21897769832496153,0.6145272240062521,0.16649507766878638,1,Visual,0.6145272240062521
SDS,12F.,7,SMA N 1 Padang,saintek,62,60,60,0.34065934065934067,0.32967032967032966,0.32967032967032966,0,Auditori,0.8396077707638439,0.07548971025018611,0.08490251898597016,0,Auditori,0.8396077707638439
SNK,12F.,7,SMA N 1 Padang,Saintek,65,60,62,0.34759358288770054,0.32085561497326204,0.3315508021390374,0,Auditori,0.573577086188804,0.21433437426693416,0.21208853954426177,0,Auditori,0.573577086188804
RLR,12F.,7,SMA N 1 Padang,saintek,70,73,68,0.33175355450236965,0.3459715639810427,0.3222748815165877,0,Auditori,0.9478235135389736,0.02747431073311162,0.024702175727914718,0,Auditori,0.9478235135389736
MNP,12F.,7,SMA N 1 Padang,saintek,60,60,60,0.3333333333333333,0.3333333333333333,0.3333333333333333,0,Auditori,0.918493095648571,0.0273024992454815,0.05420440510594742,0,Auditori,0.918493095648571
YBR,12F.,10,SMA N 1 Padang,ips,68,73,63,0.3333333333333333,0.35784313725490197,0.3088235294117647,0,Auditori,0.7049224794291988,0.19568909374084825,0.09938842682995283,0,Auditori,0.7049224794291988
AQA,12F.,10,SMA N 1 Padang,Sosial,62,60,80,0.3069306930693069,0.297029702970297,0.39603960396039606,2,Kinestetik,0.17637767406375046,0.090367148300721,0.7332551776355285,2,Kinestetik,0.7332551776355285
NSR,12F.,10,SMA N 1 Padang,IPS,60,60,60,0.3333333333333333,0.3333333333333333,0.3333333333333333,0,Auditori,0.918493095648571,0.0273024992454815,0.05420440510594742,0,Auditori,0.918493095648571
NN,11F.,10,SMA N 1 Padang,IPS,65,60,60,0.35135135135135137,0.32432432432432434,0.32432432432432434,0,Auditori,0.5413414069552285,0.324341184269083,0.13431740877568848,0,Auditori,0.5413414069552285
OPS,12F.,10,SMA N 1 Padang,ips,75,74,84,0.3218884120171674,0.31759656652360513,0.3605150214592275,2,Kinestetik,0.007564979442474464,0.0021310557008717363,0.9903039648566538,2,Kinestetik,0.9903039648566538
MCA,11F.,10,SMA N 1 Padang,Soshum,78,75,61,0.3644859813084112,0.35046728971962615,0.2850467289719626,1,Visual,0.2095805154839212,0.7225110682265666,0.0679084162895122,1,Visual,0.7225110682265666
MNA,12F.,10,SMA N 1 Padang,IPS,72,74,59,0.35121951219512193,0.36097560975609755,0.28780487804878047,0,Auditori,0.37756289873143206,0.5174664820206568,0.1049706192479111,1,Visual,0.5174664820206568
NAR,12F.,10,SMA N 1 Padang,IPS,88,85,86,0.33976833976833976,0.3281853281853282,0.33204633204633205,0,Auditori,0.8040926047068644,0.07993675081706204,0.11597064447607357,0,Auditori,0.8040926047068644
BL,12F.,10,SMA N 1 Padang,IPS ,77,74,73,0.34375,0.33035714285714285,0.32589285714285715,0,Auditori,0.8044868291442097,0.11461579051291196,0.08089738034287838,0,Auditori,0.8044868291442097
FD,12F.,10,SMA N 1 Padang,ips,72,71,68,0.3412322274881517,0.33649289099526064,0.3222748815165877,0,Auditori,0.9004569943723612,0.061952449591036275,0.03759055603660262,0,Auditori,0.9004569943723612
RS,12F.,10,SMA N 1 Padang,sosial,62,60,64,0.3333333333333333,0.3225806451612903,0.34408602150537637,2,Kinestetik,0.4258909881927851,0.07303182859618286,0.5010771832110321,2,Kinestetik,0.5010771832110321
SPR,12F.,10,SMA N 1 Padang,IPS,69,76,75,0.31363636363636366,0.34545454545454546,0.3409090909090909,0,Auditori,0.6581227606336338,0.07554830192889224,0.26632893743747393,0,Auditori,0.6581227606336338
RHAF,12F.,10,SMA N 1 Padang,ips,65,70,80,0.3023255813953488,0.32558139534883723,0.37209302325581395,2,Kinestetik,0.16449768711105908,0.052849127193406745,0.7826531856955342,2,Kinestetik,0.7826531856955342
Luthfia permata suri,12F.,10,SMA N 1 Padang,ips,73,64,71,0.35096153846153844,0.3076923076923077,0.34134615384615385,2,Kinestetik,0.349272875685588,0.2197723986383337,0.4309547256760783,2,Kinestetik,0.4309547256760783
Nikeisha Haya Nailah (NHN),12F.,10,SMA N 1 Padang,IPS,73,80,68,0.33031674208144796,0.36199095022624433,0.3076923076923077,0,Auditori,0.6769524561069117,0.20727060864141497,0.11577693525167343,0,Auditori,0.6769524561069117
AAH,12F.,10,SMA N 1 Padang,IPS,72,66,62,0.36,0.33,0.31,0,Auditori,0.1565979871092364,0.8028703975308901,0.04053161535987355,1,Visual,0.8028703975308901
RLHG,12F.,10,SMA N 1 Padang,IPS,66,100,100,0.24812030075187969,0.37593984962406013,0.37593984962406013,2,Kinestetik,0.38328704224783383,0.18086186410481306,0.4358510936473531,2,Kinestetik,0.4358510936473531
PZI,12F.,10,SMA N 1 Padang,IPS,70,71,63,0.3431372549019608,0.3480392156862745,0.3088235294117647,0,Auditori,0.6591821798794101,0.26293233157365614,0.07788548854693383,0,Auditori,0.6591821798794101
KR,12F.,10,SMA N 1 Padang,IPS,66,63,69,0.3333333333333333,0.3181818181818182,0.3484848484848485,2,Kinestetik,0.23230746809326422,0.05561392976549893,0.7120786021412369,2,Kinestetik,0.7120786021412369
YAR,12F.,10,SMA N 1 Padang,IPS,80,87,81,0.3225806451612903,0.35080645161290325,0.32661290322580644,0,Auditori,0.8616482499498188,0.05767676310055727,0.08067498694962397,0,Auditori,0.8616482499498188
EC,12F.,10,SMA N 1 Padang,IPS,62,57,54,0.3583815028901734,0.32947976878612717,0.31213872832369943,0,Auditori,0.22192217108004397,0.7236202698598232,0.0544575590601328,1,Visual,0.7236202698598232
FM,12F.,10,SMA N 1 Padang,IPS,49,53,85,0.2620320855614973,0.28342245989304815,0.45454545454545453,2,Kinestetik,0.2867576673528746,0.18687984523658652,0.5263624874105388,2,Kinestetik,0.5263624874105388
ARJ,12F.,10,SMA N 1 Padang,Ips,69,67,64,0.345,0.335,0.32,0,Auditori,0.7859629490110954,0.15071706070094543,0.06331999028795933,0,Auditori,0.7859629490110954
VV,12F.,10,SMA N 1 Padang,IPS,76,80,73,0.3318777292576419,0.34934497816593885,0.31877729257641924,0,Auditori,0.8877713704532524,0.06416809532291984,0.0480605342238278,0,Auditori,0.8877713704532524
SM,12F.,10,SMA N 1 Padang,ips,77,88,84,0.3092369477911647,0.3534136546184739,0.3373493975903614,0,Auditori,0.6564382214280732,0.09719660477223244,0.24636517379969436,0,Auditori,0.6564382214280732
